Timestamp,Time,State,Confidence (%),RSSI (dBm),Subcarrier Motion Variance,Security Alert
2026-08-06 14:36:37,14:36:37,Present,88.0,-48.2,0.0,NO
2026-08-06 14:36:39,14:36:39,Present,88.0,-46.9,0.0,NO
2026-08-06 14:36:41,14:36:41,Present,99.0,-46.4,0.0,NO
2026-08-06 14:36:43,14:36:43,Present,99.0,-47.2,0.0,NO
2026-08-06 14:36:45,14:36:45,Present,99.0,-47.6,0.0,NO
2026-08-06 14:36:47,14:36:47,Present,99.0,-45.7,0.0,NO
2026-08-06 14:36:49,14:36:49,Present,99.0,-46.0,0.0,NO
2026-08-06 14:36:51,14:36:51,Present,99.0,-47.1,0.0,NO
2026-08-06 14:36:53,14:36:53,Present,99.0,-46.2,0.0,NO
2026-08-06 14:36:56,14:36:56,Present,99.0,-47.2,0.0,NO
2026-08-06 14:36:58,14:36:58,Present,99.0,-46.4,0.0,NO
2026-08-06 14:37:01,14:37:01,Present,99.0,-47.0,0.0,NO
2026-08-06 14:37:03,14:37:03,Present,99.0,-46.0,0.0,NO
2026-08-06 14:37:05,14:37:05,Present,99.0,-46.3,0.0,NO
2026-08-06 14:37:07,14:37:07,Present,99.0,-47.0,0.0,NO
2026-08-06 14:37:09,14:37:09,Present,99.0,-47.0,0.0,NO
2026-08-06 14:37:11,14:37:11,Present,99.0,-46.8,0.0,NO
2026-08-06 14:37:13,14:37:13,Present,99.0,-46.7,0.0,NO
2026-08-06 14:37:16,14:37:16,Present,99.0,-46.0,0.0,NO
2026-08-06 14:37:18,14:37:18,Present,96.3,-47.5,0.0,NO
2026-08-06 14:37:20,14:37:20,Present,99.0,-46.0,0.0,NO
2026-08-06 14:37:22,14:37:22,Present,88.6,-49.0,0.0,NO
2026-08-06 14:37:24,14:37:24,Present,88.0,-47.3,0.0,NO
2026-08-06 14:37:26,14:37:26,Present,99.0,-47.5,0.0,NO
2026-08-06 14:37:28,14:37:28,Present,99.0,-48.0,0.0,NO
2026-08-06 14:37:30,14:37:30,Present,99.0,-50.3,0.0,NO
2026-08-06 14:37:32,14:37:32,Present,91.8,-47.4,0.0,NO
2026-08-06 14:37:35,14:37:35,Present,99.0,-47.2,0.0,NO
2026-08-06 14:37:37,14:37:37,Present,88.0,-47.0,0.0,NO
2026-08-06 14:37:39,14:37:39,Present,88.0,-47.0,0.0,NO
2026-08-06 14:37:41,14:37:41,Present,99.0,-46.7,0.0,NO
2026-08-06 14:37:43,14:37:43,Present,99.0,-46.0,0.0,NO
2026-08-06 14:37:45,14:37:45,Present,88.0,-46.2,0.0,NO
2026-08-06 14:37:48,14:37:48,Present,88.0,-45.0,0.0,NO
2026-08-06 14:37:50,14:37:50,Present,88.0,-48.1,0.0,NO
2026-08-06 14:37:53,14:37:53,Present,88.0,-48.0,0.0,NO
2026-08-06 14:37:55,14:37:55,Present,88.0,-47.8,0.0,NO
2026-08-06 14:37:57,14:37:57,Present,99.0,-47.9,0.0,NO
2026-08-06 14:37:59,14:37:59,Present,88.0,-49.4,0.0,NO
2026-08-06 14:38:01,14:38:01,Present,88.0,-46.7,0.0,NO
2026-08-06 14:38:03,14:38:03,Present,88.0,-47.9,0.0,NO
2026-08-06 14:38:06,14:38:06,Present,88.0,-47.1,0.0,NO
2026-08-06 14:38:08,14:38:08,Present,88.0,-46.0,0.0,NO
2026-08-06 14:38:10,14:38:10,Present,88.0,-46.5,0.0,NO
2026-08-06 14:38:12,14:38:12,Present,99.0,-47.5,0.0,NO
2026-08-06 14:38:14,14:38:14,Present,88.0,-48.4,0.0,NO
2026-08-06 14:38:16,14:38:16,Present,88.0,-47.0,0.0,NO
2026-08-06 14:38:18,14:38:18,Present,99.0,-48.0,0.0,NO
2026-08-06 14:38:20,14:38:20,Present,88.0,-47.8,0.0,NO
2026-08-06 14:38:29,14:38:29,Present,99.0,-48.0,0.0,NO
2026-08-06 14:38:31,14:38:31,Present,99.0,-47.4,0.0,NO
2026-08-06 14:38:34,14:38:34,Present,99.0,-49.3,0.0,NO
2026-08-06 14:38:36,14:38:36,Present,99.0,-46.9,0.0,NO
2026-08-06 14:38:38,14:38:38,Present,99.0,-48.7,0.0,NO
2026-08-06 14:38:41,14:38:41,Present,99.0,-47.6,0.0,NO
2026-08-06 14:38:43,14:38:43,Present,99.0,-47.1,0.0,NO
2026-08-06 14:38:45,14:38:45,Present,91.8,-47.0,0.0,NO
2026-08-06 14:38:47,14:38:47,Present,99.0,-47.3,0.0,NO
2026-08-06 14:38:50,14:38:50,Present,99.0,-46.9,0.0,NO
2026-08-06 14:38:52,14:38:52,Present,99.0,-46.1,0.0,NO
2026-08-06 14:38:54,14:38:54,Present,99.0,-47.7,0.0,NO
2026-08-06 14:38:56,14:38:56,Present,89.2,-48.0,0.0,NO
2026-08-06 14:38:58,14:38:58,Present,94.2,-46.5,0.0,NO
2026-08-06 14:39:00,14:39:00,Present,99.0,-46.5,0.0,NO
2026-08-06 14:39:03,14:39:03,Present,99.0,-47.8,0.0,NO
2026-08-06 14:39:05,14:39:05,Present,99.0,-46.9,0.0,NO
2026-08-06 14:39:07,14:39:07,Present,99.0,-46.9,0.0,NO
2026-08-06 14:39:10,14:39:10,Present,99.0,-47.0,0.0,NO
2026-08-06 14:39:12,14:39:12,Present,99.0,-48.0,0.0,NO
2026-08-06 14:39:14,14:39:14,Present,99.0,-46.3,0.0,NO
2026-08-06 14:39:16,14:39:16,Present,99.0,-48.6,0.0,NO
2026-08-06 14:39:18,14:39:18,Present,99.0,-47.1,0.0,NO
2026-08-06 14:39:20,14:39:20,Present,99.0,-50.2,0.0,NO
2026-08-06 14:39:22,14:39:22,Present,99.0,-46.9,0.0,NO
2026-08-06 14:39:24,14:39:24,Present,99.0,-46.5,0.0,NO
2026-08-06 14:39:26,14:39:26,Present,99.0,-46.9,0.0,NO
2026-08-06 14:39:29,14:39:29,Present,99.0,-46.9,0.0,NO
2026-08-06 14:39:31,14:39:31,Present,99.0,-46.9,0.0,NO
2026-08-06 14:39:33,14:39:33,Present,99.0,-46.8,0.0,NO
2026-08-06 14:39:36,14:39:36,Present,99.0,-47.0,0.0,NO
2026-08-06 14:39:38,14:39:38,Present,94.8,-47.5,0.0,NO
2026-08-06 14:39:40,14:39:40,Present,97.5,-47.5,0.0,NO
2026-08-06 14:39:42,14:39:42,Present,99.0,-46.8,0.0,NO
2026-08-06 14:39:44,14:39:44,Present,98.3,-47.5,0.0,NO
2026-08-06 14:39:47,14:39:47,Present,99.0,-47.0,0.0,NO
2026-08-06 14:39:49,14:39:49,Present,95.4,-47.9,0.0,NO
2026-08-06 14:39:51,14:39:51,Present,99.0,-47.0,0.0,NO
2026-08-06 14:39:53,14:39:53,Present,99.0,-46.9,0.0,NO
2026-08-06 14:39:55,14:39:55,Present,99.0,-48.0,0.0,NO
2026-08-06 14:39:57,14:39:57,Present,99.0,-47.0,0.0,NO
2026-08-06 14:40:00,14:40:00,Present,99.0,-46.9,0.0,NO
2026-08-06 14:40:02,14:40:02,Present,97.7,-47.6,0.0,NO
2026-08-06 14:40:04,14:40:04,Present,99.0,-47.2,0.0,NO
2026-08-06 14:40:06,14:40:06,Present,99.0,-46.9,0.0,NO
2026-08-06 14:40:08,14:40:08,Present,99.0,-46.0,0.0,NO
2026-08-06 14:40:10,14:40:10,Present,99.0,-47.3,0.0,NO
2026-08-06 14:40:12,14:40:12,Present,99.0,-47.6,0.0,NO
2026-08-06 14:40:14,14:40:14,Present,99.0,-46.9,0.0,NO
2026-08-06 14:40:16,14:40:16,Present,99.0,-48.0,0.0,NO
2026-08-06 14:40:18,14:40:18,Present,99.0,-48.1,0.0,NO
2026-08-06 14:40:21,14:40:21,Present,99.0,-48.9,0.0,NO
2026-08-06 14:40:23,14:40:23,Present,99.0,-46.9,0.0,NO
2026-08-06 14:40:25,14:40:25,Present,99.0,-48.0,0.0,NO
2026-08-06 14:40:27,14:40:27,Present,99.0,-47.8,0.0,NO
2026-08-06 14:40:29,14:40:29,Present,99.0,-48.0,0.0,NO
2026-08-06 14:40:31,14:40:31,Present,99.0,-48.6,0.0,NO
2026-08-06 14:40:33,14:40:33,Present,99.0,-48.0,0.0,NO
2026-08-06 14:40:35,14:40:35,Present,99.0,-50.8,0.0,NO
2026-08-06 14:40:38,14:40:38,Present,99.0,-51.2,0.0,NO
2026-08-06 14:40:41,14:40:41,Present,99.0,-50.4,0.0,NO
2026-08-06 14:40:43,14:40:43,Present,99.0,-50.2,0.0,NO
2026-08-06 14:40:45,14:40:45,Present,99.0,-50.7,0.0,NO
2026-08-06 14:40:47,14:40:47,Present,99.0,-49.1,0.0,NO
2026-08-06 14:40:50,14:40:50,Present,99.0,-48.9,0.0,NO
2026-08-06 14:40:53,14:40:53,Present,99.0,-48.3,0.0,NO
2026-08-06 14:40:55,14:40:55,Present,99.0,-48.9,0.0,NO
2026-08-06 14:40:57,14:40:57,Present,99.0,-50.2,0.0,NO
2026-08-06 14:41:00,14:41:00,Present,88.0,-49.6,0.0,NO
2026-08-06 14:41:02,14:41:02,Present,92.7,-48.0,0.0,NO
2026-08-06 14:41:04,14:41:04,Present,88.0,-49.0,0.0,NO
2026-08-06 14:41:06,14:41:06,Present,88.0,-48.9,0.0,NO
2026-08-06 14:41:08,14:41:08,Present,99.0,-47.1,0.0,NO
2026-08-06 14:41:10,14:41:10,Present,99.0,-47.8,0.0,NO
2026-08-06 14:41:14,14:41:14,Present,98.7,-48.0,0.0,NO
2026-08-06 14:41:16,14:41:16,Present,99.0,-47.0,0.0,NO
2026-08-06 14:41:19,14:41:19,Present,99.0,-47.8,0.0,NO
2026-08-06 14:41:21,14:41:21,Present,99.0,-46.3,0.0,NO
2026-08-06 14:41:23,14:41:23,Present,94.4,-46.6,0.0,NO
2026-08-06 14:41:25,14:41:25,Present,98.6,-46.7,0.0,NO
2026-08-06 14:41:27,14:41:27,Present,99.0,-50.6,0.0,NO
2026-08-06 14:41:29,14:41:29,Present,99.0,-50.6,0.0,NO
2026-08-06 14:41:31,14:41:31,Present,99.0,-49.5,0.0,NO
2026-08-06 14:41:34,14:41:34,Present,99.0,-50.2,0.0,NO
2026-08-06 14:41:36,14:41:36,Present,99.0,-47.0,0.0,NO
2026-08-06 14:41:38,14:41:38,Present,99.0,-47.1,0.0,NO
2026-08-06 14:41:40,14:41:40,Present,99.0,-47.5,0.0,NO
2026-08-06 14:41:42,14:41:42,Present,99.0,-48.0,0.0,NO
2026-08-06 14:41:44,14:41:44,Present,99.0,-47.3,0.0,NO
2026-08-06 14:41:46,14:41:46,Present,99.0,-48.4,0.0,NO
2026-08-06 14:41:48,14:41:48,Present,99.0,-48.7,0.0,NO
2026-08-06 14:41:50,14:41:50,Present,99.0,-50.4,0.0,NO
2026-08-06 14:41:52,14:41:52,Present,99.0,-50.2,0.0,NO
2026-08-06 14:41:55,14:41:55,Present,99.0,-49.8,0.0,NO
2026-08-06 14:41:57,14:41:57,Present,99.0,-49.0,0.0,NO
2026-08-06 14:41:59,14:41:59,Present,99.0,-48.9,0.0,NO
2026-08-06 14:42:01,14:42:01,Present,99.0,-49.6,0.0,NO
2026-08-06 14:42:03,14:42:03,Present,99.0,-46.9,0.0,NO
2026-08-06 14:42:05,14:42:05,Present,99.0,-50.4,0.0,NO
2026-08-06 14:42:07,14:42:07,Present,99.0,-49.9,0.0,NO
2026-08-06 14:42:09,14:42:09,Present,99.0,-48.8,0.0,NO
2026-08-06 14:42:12,14:42:12,Present,99.0,-48.7,0.0,NO
2026-08-06 14:42:14,14:42:14,Present,99.0,-46.0,0.0,NO
2026-08-06 14:42:16,14:42:16,Present,99.0,-46.4,0.0,NO
2026-08-06 14:42:18,14:42:18,Present,99.0,-46.3,0.0,NO
2026-08-06 14:42:20,14:42:20,Present,99.0,-46.9,0.0,NO
2026-08-06 14:42:22,14:42:22,Present,99.0,-46.6,0.0,NO
2026-08-06 14:42:25,14:42:25,Present,99.0,-49.9,0.0,NO
2026-08-06 14:42:27,14:42:27,Present,99.0,-48.2,0.0,NO
2026-08-06 14:42:30,14:42:30,Present,99.0,-46.2,0.0,NO
2026-08-06 14:42:32,14:42:32,Present,99.0,-46.0,0.0,NO
2026-08-06 14:42:34,14:42:34,Present,99.0,-45.9,0.0,NO
2026-08-06 14:42:36,14:42:36,Present,99.0,-47.0,0.0,NO
2026-08-06 14:42:38,14:42:38,Present,99.0,-46.8,0.0,NO
2026-08-06 14:42:40,14:42:40,Present,99.0,-47.0,0.0,NO
2026-08-06 14:42:42,14:42:42,Present,99.0,-47.5,0.0,NO
2026-08-06 14:42:44,14:42:44,Present,99.0,-46.8,0.0,NO
2026-08-06 14:42:47,14:42:47,Present,99.0,-46.9,0.0,NO
2026-08-06 14:42:49,14:42:49,Present,99.0,-48.0,0.0,NO
2026-08-06 14:42:51,14:42:51,Present,99.0,-48.7,0.0,NO
2026-08-06 14:42:53,14:42:53,Present,99.0,-46.5,0.0,NO
2026-08-06 14:42:55,14:42:55,Present,99.0,-46.9,0.0,NO
2026-08-06 14:42:58,14:42:58,Present,99.0,-47.8,0.0,NO
2026-08-06 14:43:01,14:43:01,Present,99.0,-47.7,0.0,NO
2026-08-06 14:43:03,14:43:03,Present,99.0,-46.9,0.0,NO
2026-08-06 14:43:05,14:43:05,Present,99.0,-47.0,0.0,NO
2026-08-06 14:43:07,14:43:07,Present,99.0,-48.9,0.0,NO
2026-08-06 14:43:10,14:43:10,Present,99.0,-47.0,0.0,NO
2026-08-06 14:43:13,14:43:13,Present,99.0,-47.1,0.0,NO
2026-08-06 14:43:15,14:43:15,Present,99.0,-50.5,0.0,NO
2026-08-06 14:43:18,14:43:18,Present,99.0,-46.7,0.0,NO
2026-08-06 14:43:20,14:43:20,Present,99.0,-47.1,0.0,NO
2026-08-06 14:43:22,14:43:22,Present,99.0,-46.1,0.0,NO
2026-08-06 14:43:25,14:43:25,Present,99.0,-47.1,0.0,NO
2026-08-06 14:43:27,14:43:27,Present,99.0,-45.0,0.0,NO
2026-08-06 14:43:29,14:43:29,Present,99.0,-45.9,0.0,NO
2026-08-06 14:43:31,14:43:31,Present,99.0,-46.8,0.0,NO
2026-08-06 14:43:33,14:43:33,Present,99.0,-46.0,0.0,NO
2026-08-06 14:43:35,14:43:35,Present,99.0,-47.2,0.0,NO
2026-08-06 14:43:37,14:43:37,Present,99.0,-46.9,0.0,NO
2026-08-06 14:43:39,14:43:39,Present,99.0,-46.0,0.0,NO
2026-08-06 14:43:42,14:43:42,Present,99.0,-46.2,0.0,NO
2026-08-06 14:43:44,14:43:44,Present,99.0,-46.2,0.0,NO
2026-08-06 14:43:46,14:43:46,Present,99.0,-46.4,0.0,NO
2026-08-06 14:43:48,14:43:48,Present,99.0,-50.4,0.0,NO
2026-08-06 14:43:51,14:43:51,Present,99.0,-46.1,0.0,NO
2026-08-06 14:43:53,14:43:53,Present,99.0,-46.9,0.0,NO
2026-08-06 14:43:55,14:43:55,Present,99.0,-47.8,0.0,NO
2026-08-06 14:43:57,14:43:57,Present,99.0,-47.2,0.0,NO
2026-08-06 14:43:59,14:43:59,Present,99.0,-48.4,0.0,NO
2026-08-06 14:44:01,14:44:01,Present,99.0,-47.4,0.0,NO
2026-08-06 14:44:03,14:44:03,Present,99.0,-47.5,0.0,NO
2026-08-06 14:44:05,14:44:05,Present,99.0,-46.1,0.0,NO
2026-08-06 14:44:07,14:44:07,Present,99.0,-47.5,0.0,NO
2026-08-06 14:44:10,14:44:10,Present,99.0,-46.6,0.0,NO
2026-08-06 14:44:12,14:44:12,Present,99.0,-46.1,0.0,NO
2026-08-06 14:44:14,14:44:14,Present,99.0,-47.0,0.0,NO
2026-08-06 14:44:16,14:44:16,Present,99.0,-46.2,0.0,NO
2026-08-06 14:44:18,14:44:18,Present,99.0,-46.6,0.0,NO
2026-08-06 14:44:20,14:44:20,Present,99.0,-46.1,0.0,NO
2026-08-06 14:44:23,14:44:23,Present,99.0,-48.7,0.0,NO
2026-08-06 14:44:25,14:44:25,Present,99.0,-49.0,0.0,NO
2026-08-06 14:44:27,14:44:27,Present,99.0,-48.0,0.0,NO
2026-08-06 14:44:30,14:44:30,Present,99.0,-49.5,0.0,NO
2026-08-06 14:44:32,14:44:32,Present,99.0,-48.0,0.0,NO
2026-08-06 14:44:34,14:44:34,Present,99.0,-48.0,0.0,NO
2026-08-06 14:44:36,14:44:36,Present,99.0,-46.1,0.0,NO
2026-08-06 14:44:38,14:44:38,Present,99.0,-47.1,0.0,NO
2026-08-06 14:44:40,14:44:40,Present,99.0,-49.1,0.0,NO
2026-08-06 14:44:42,14:44:42,Present,99.0,-49.6,0.0,NO
2026-08-06 14:44:45,14:44:45,Present,99.0,-50.5,0.0,NO
2026-08-06 14:44:47,14:44:47,Present,99.0,-48.5,0.0,NO
2026-08-06 14:44:49,14:44:49,Present,99.0,-45.4,0.0,NO
2026-08-06 14:44:51,14:44:51,Present,99.0,-46.3,0.0,NO
2026-08-06 14:44:54,14:44:54,Present,99.0,-46.5,0.0,NO
2026-08-06 14:44:56,14:44:56,Present,99.0,-46.9,0.0,NO
2026-08-06 14:44:58,14:44:58,Present,99.0,-46.4,0.0,NO
2026-08-06 14:45:00,14:45:00,Present,99.0,-46.0,0.0,NO
2026-08-06 14:45:02,14:45:02,Present,99.0,-46.4,0.0,NO
2026-08-06 14:45:04,14:45:04,Present,99.0,-46.1,0.0,NO
2026-08-06 14:45:06,14:45:06,Present,99.0,-46.5,0.0,NO
2026-08-06 14:45:08,14:45:08,Present,99.0,-46.1,0.0,NO
2026-08-06 14:45:11,14:45:11,Present,99.0,-46.9,0.0,NO
2026-08-06 14:45:13,14:45:13,Present,99.0,-46.2,0.0,NO
2026-08-06 14:45:16,14:45:16,Present,99.0,-47.5,0.0,NO
2026-08-06 14:45:19,14:45:19,Present,99.0,-47.4,0.0,NO
2026-08-06 14:45:21,14:45:21,Present,99.0,-46.8,0.0,NO
2026-08-06 14:45:23,14:45:23,Present,99.0,-47.5,0.0,NO
2026-08-06 14:45:25,14:45:25,Present,99.0,-46.9,0.0,NO
2026-08-06 14:45:27,14:45:27,Present,99.0,-47.0,0.0,NO
2026-08-06 14:45:29,14:45:29,Present,99.0,-46.6,0.0,NO
2026-08-06 14:45:32,14:45:32,Present,99.0,-47.0,0.0,NO
2026-08-06 14:45:34,14:45:34,Present,99.0,-50.0,0.0,NO
2026-08-06 14:45:36,14:45:36,Present,99.0,-47.0,0.0,NO
2026-08-06 14:45:38,14:45:38,Present,99.0,-47.1,0.0,NO
2026-08-06 14:45:40,14:45:40,Present,99.0,-48.1,0.0,NO
2026-08-06 14:45:42,14:45:42,Present,99.0,-48.9,0.0,NO
2026-08-06 14:45:44,14:45:44,Present,99.0,-48.9,0.0,NO
2026-08-06 14:45:47,14:45:47,Present,99.0,-47.9,0.0,NO
2026-08-06 14:45:49,14:45:49,Present,99.0,-47.1,0.0,NO
2026-08-06 14:45:51,14:45:51,Present,99.0,-47.8,0.0,NO
2026-08-06 14:45:53,14:45:53,Present,99.0,-46.1,0.0,NO
2026-08-06 14:45:55,14:45:55,Present,99.0,-48.1,0.0,NO
2026-08-06 14:45:58,14:45:58,Present,99.0,-47.2,0.0,NO
2026-08-06 14:46:00,14:46:00,Present,99.0,-47.7,0.0,NO
2026-08-06 14:46:02,14:46:02,Present,99.0,-49.3,0.0,NO
2026-08-06 14:46:04,14:46:04,Present,99.0,-47.5,0.0,NO
2026-08-06 14:46:06,14:46:06,Present,97.8,-47.9,0.0,NO
2026-08-06 14:46:08,14:46:08,Present,98.7,-47.2,0.0,NO
2026-08-06 14:46:11,14:46:11,Present,99.0,-49.1,0.0,NO
2026-08-06 14:46:13,14:46:13,Present,99.0,-48.1,0.0,NO
2026-08-06 14:46:15,14:46:15,Present,99.0,-47.1,0.0,NO
2026-08-06 14:46:17,14:46:17,Present,99.0,-47.2,0.0,NO
2026-08-06 14:46:19,14:46:19,Present,99.0,-47.0,0.0,NO
2026-08-06 14:46:21,14:46:21,Present,99.0,-48.3,0.0,NO
2026-08-06 14:46:24,14:46:24,Present,99.0,-48.0,0.0,NO
2026-08-06 14:46:26,14:46:26,Present,99.0,-47.2,0.0,NO
2026-08-06 14:46:28,14:46:28,Present,99.0,-48.0,0.0,NO
2026-08-06 14:46:30,14:46:30,Present,99.0,-46.1,0.0,NO
2026-08-06 14:46:32,14:46:32,Present,99.0,-45.9,0.0,NO
2026-08-06 14:46:35,14:46:35,Present,99.0,-49.1,0.0,NO
2026-08-06 14:46:37,14:46:37,Present,99.0,-47.7,0.0,NO
2026-08-06 14:46:40,14:46:40,Present,99.0,-46.9,0.0,NO
2026-08-06 14:46:42,14:46:42,Present,99.0,-49.9,0.0,NO
2026-08-06 14:46:44,14:46:44,Present,88.0,-46.9,0.0,NO
2026-08-06 14:46:47,14:46:47,Present,88.0,-46.2,0.0,NO
2026-08-06 14:46:49,14:46:49,Present,99.0,-46.7,0.0,NO
2026-08-06 14:46:51,14:46:51,Present,99.0,-46.0,0.0,NO
2026-08-06 14:46:53,14:46:53,Present,99.0,-46.4,0.0,NO
2026-08-06 14:46:56,14:46:56,Present,99.0,-46.2,0.0,NO
2026-08-06 14:46:58,14:46:58,Present,99.0,-45.8,0.0,NO
2026-08-06 14:47:00,14:47:00,Present,99.0,-46.6,0.0,NO
2026-08-06 14:47:02,14:47:02,Present,99.0,-46.5,0.0,NO
2026-08-06 14:47:04,14:47:04,Present,99.0,-47.4,0.0,NO
2026-08-06 14:47:06,14:47:06,Present,99.0,-45.9,0.0,NO
2026-08-06 14:47:09,14:47:09,Present,99.0,-46.0,0.0,NO
2026-08-06 14:47:11,14:47:11,Present,99.0,-45.9,0.0,NO
2026-08-06 14:47:13,14:47:13,Present,99.0,-46.1,0.0,NO
2026-08-06 14:47:15,14:47:15,Present,99.0,-47.3,0.0,NO
2026-08-06 14:47:17,14:47:17,Present,99.0,-45.6,0.0,NO
2026-08-06 14:47:19,14:47:19,Present,99.0,-46.2,0.0,NO
2026-08-06 14:47:21,14:47:21,Present,99.0,-46.2,0.0,NO
2026-08-06 14:47:23,14:47:23,Present,88.0,-46.9,0.0,NO
2026-08-06 14:47:26,14:47:26,Present,96.0,-48.0,0.0,NO
2026-08-06 14:47:30,14:47:30,Present,88.8,-48.2,0.0,NO
2026-08-06 14:47:32,14:47:32,Present,88.0,-46.7,0.0,NO
2026-08-06 14:47:34,14:47:34,Present,99.0,-48.0,0.0,NO
2026-08-06 14:47:36,14:47:36,Present,88.0,-46.0,0.0,NO
2026-08-06 14:47:38,14:47:38,Present,99.0,-46.8,0.0,NO
2026-08-06 14:47:40,14:47:40,Present,88.0,-47.1,0.0,NO
2026-08-06 14:47:43,14:47:43,Present,88.0,-46.1,0.0,NO
2026-08-06 14:47:45,14:47:45,Present,99.0,-46.0,0.0,NO
2026-08-06 14:47:47,14:47:47,Present,88.0,-47.5,0.0,NO
2026-08-06 14:47:49,14:47:49,Present,96.6,-48.1,0.0,NO
2026-08-06 14:47:51,14:47:51,Present,99.0,-48.1,0.0,NO
2026-08-06 14:47:53,14:47:53,Present,99.0,-45.8,0.0,NO
2026-08-06 14:47:56,14:47:56,Present,99.0,-45.3,0.0,NO
2026-08-06 14:47:59,14:47:59,Present,99.0,-46.5,0.0,NO
2026-08-06 14:48:01,14:48:01,Present,95.8,-48.3,0.0,NO
2026-08-06 14:48:03,14:48:03,Present,88.3,-50.2,0.0,NO
2026-08-06 14:48:05,14:48:05,Present,93.3,-48.0,0.0,NO
2026-08-06 14:48:07,14:48:07,Present,97.1,-47.9,0.0,NO
2026-08-06 14:48:09,14:48:09,Present,99.0,-48.0,0.0,NO
2026-08-06 14:48:11,14:48:11,Present,99.0,-48.0,0.0,NO
2026-08-06 14:48:13,14:48:13,Present,99.0,-48.1,0.0,NO
2026-08-06 14:48:15,14:48:15,Present,99.0,-47.0,0.0,NO
2026-08-06 14:48:18,14:48:18,Present,99.0,-46.8,0.0,NO
2026-08-06 14:48:20,14:48:20,Present,99.0,-47.2,0.0,NO
2026-08-06 14:48:23,14:48:23,Present,99.0,-47.3,0.0,NO
2026-08-06 14:48:25,14:48:25,Present,99.0,-47.0,0.0,NO
2026-08-06 14:48:27,14:48:27,Present,98.7,-48.2,0.0,NO
2026-08-06 14:48:29,14:48:29,Present,99.0,-46.9,0.0,NO
2026-08-06 14:48:32,14:48:32,Present,99.0,-47.3,0.0,NO
2026-08-06 14:48:34,14:48:34,Present,99.0,-48.4,0.0,NO
2026-08-06 14:48:37,14:48:37,Present,99.0,-47.6,0.0,NO
2026-08-06 14:48:39,14:48:39,Present,99.0,-48.2,0.0,NO
2026-08-06 14:48:41,14:48:41,Present,99.0,-51.0,0.0,NO
2026-08-06 14:48:43,14:48:43,Present,99.0,-49.4,0.0,NO
2026-08-06 14:48:45,14:48:45,Present,92.3,-47.9,0.0,NO
2026-08-06 14:48:47,14:48:47,Present,88.0,-48.5,0.0,NO
2026-08-06 14:48:49,14:48:49,Present,99.0,-49.2,0.0,NO
2026-08-06 14:48:51,14:48:51,Present,99.0,-52.4,0.0,NO
2026-08-06 14:48:54,14:48:54,Present,99.0,-46.6,0.0,NO
2026-08-06 14:48:56,14:48:56,Present,97.9,-47.4,0.0,NO
2026-08-06 14:48:58,14:48:58,Present,88.0,-47.2,0.0,NO
2026-08-06 14:49:00,14:49:00,Present,88.0,-47.0,0.0,NO
2026-08-06 14:49:02,14:49:02,Present,88.0,-46.7,0.0,NO
2026-08-06 14:49:04,14:49:04,Present,88.0,-45.9,0.0,NO
2026-08-06 14:49:07,14:49:07,Present,92.2,-45.7,0.0,NO
2026-08-06 14:49:09,14:49:09,Present,88.0,-48.0,0.0,NO
2026-08-06 14:49:11,14:49:11,Present,88.0,-46.3,0.0,NO
2026-08-06 14:49:14,14:49:14,Present,88.0,-48.6,0.0,NO
2026-08-06 14:49:16,14:49:16,Present,88.0,-46.7,0.0,NO
2026-08-06 14:49:18,14:49:18,Present,88.0,-47.6,0.0,NO
2026-08-06 14:49:21,14:49:21,Present,88.0,-47.0,0.0,NO
2026-08-06 14:49:23,14:49:23,Present,99.0,-46.9,0.0,NO
2026-08-06 14:49:25,14:49:25,Present,97.9,-47.3,0.0,NO
2026-08-06 14:49:27,14:49:27,Present,88.0,-48.8,0.0,NO
2026-08-06 14:49:29,14:49:29,Present,99.0,-48.9,0.0,NO
2026-08-06 14:49:31,14:49:31,Present,99.0,-46.0,0.0,NO
2026-08-06 14:49:34,14:49:34,Present,88.0,-47.9,0.0,NO
2026-08-06 14:49:36,14:49:36,Present,88.0,-45.9,0.0,NO
2026-08-06 14:49:38,14:49:38,Present,88.0,-46.3,0.0,NO
2026-08-06 14:49:40,14:49:40,Present,99.0,-48.4,0.0,NO
2026-08-06 14:49:42,14:49:42,Present,98.9,-46.8,0.0,NO
2026-08-06 14:49:45,14:49:45,Present,99.0,-47.0,0.0,NO
2026-08-06 14:49:47,14:49:47,Present,88.0,-48.0,0.0,NO
2026-08-06 14:49:49,14:49:49,Present,88.0,-47.0,0.0,NO
2026-08-06 14:49:51,14:49:51,Present,88.0,-46.2,0.0,NO
2026-08-06 14:49:53,14:49:53,Present,97.8,-46.9,0.0,NO
2026-08-06 14:49:56,14:49:56,Present,99.0,-45.5,0.0,NO
2026-08-06 14:49:58,14:49:58,Present,98.7,-48.9,0.0,NO
2026-08-06 14:50:00,14:50:00,Present,89.8,-49.3,0.0,NO
2026-08-06 14:50:03,14:50:03,Present,88.0,-48.3,0.0,NO
2026-08-06 14:50:05,14:50:05,Present,88.0,-47.4,0.0,NO
2026-08-06 14:50:07,14:50:07,Present,88.0,-50.4,0.0,NO
2026-08-06 14:50:09,14:50:09,Present,99.0,-48.3,0.0,NO
2026-08-06 14:50:12,14:50:12,Present,88.0,-56.1,0.0,NO
2026-08-06 14:50:15,14:50:15,Present,99.0,-50.4,0.0,NO
2026-08-06 14:50:17,14:50:17,Present,99.0,-51.4,0.0,NO
2026-08-06 14:50:19,14:50:19,Present,99.0,-50.0,0.0,NO
2026-08-06 14:50:21,14:50:21,Present,88.0,-49.9,0.0,NO
2026-08-06 14:50:23,14:50:23,Present,88.0,-50.6,0.0,NO
2026-08-06 14:50:25,14:50:25,Present,88.0,-52.7,0.0,NO
2026-08-06 14:50:27,14:50:27,Present,88.0,-49.9,0.0,NO
2026-08-06 14:50:30,14:50:30,Present,96.1,-51.7,0.0,NO
2026-08-06 14:50:32,14:50:32,Present,99.0,-53.0,0.0,NO
2026-08-06 14:50:34,14:50:34,Present,98.7,-50.9,0.0,NO
2026-08-06 14:50:36,14:50:36,Present,94.7,-50.1,0.0,NO
2026-08-06 14:50:39,14:50:39,Present,99.0,-51.8,0.0,NO
2026-08-06 14:50:41,14:50:41,Present,88.0,-49.5,0.0,NO
2026-08-06 14:50:43,14:50:43,Present,88.0,-49.2,0.0,NO
2026-08-06 14:50:45,14:50:45,Present,88.0,-47.7,0.0,NO
2026-08-06 14:50:47,14:50:47,Present,99.0,-48.0,0.0,NO
2026-08-06 14:50:49,14:50:49,Present,99.0,-47.0,0.0,NO
2026-08-06 14:50:51,14:50:51,Present,99.0,-53.9,0.0,NO
2026-08-06 14:50:53,14:50:53,Present,97.9,-47.3,0.0,NO
2026-08-06 14:50:56,14:50:56,Present,88.0,-49.0,0.0,NO
2026-08-06 14:50:58,14:50:58,Present,88.0,-50.1,0.0,NO
2026-08-06 14:51:00,14:51:00,Present,88.0,-49.4,0.0,NO
2026-08-06 14:51:03,14:51:03,Present,88.0,-49.2,0.0,NO
2026-08-06 14:51:05,14:51:05,Present,88.0,-49.2,0.0,NO
2026-08-06 14:51:07,14:51:07,Present,88.0,-48.6,0.0,NO
2026-08-06 14:51:10,14:51:10,Present,88.0,-46.3,0.0,NO
2026-08-06 14:51:12,14:51:12,Present,88.0,-46.2,0.0,NO
2026-08-06 14:51:14,14:51:14,Present,88.0,-50.5,0.0,NO
2026-08-06 14:51:17,14:51:17,Present,88.0,-46.9,0.0,NO
2026-08-06 14:51:19,14:51:19,Present,99.0,-46.6,0.0,NO
2026-08-06 14:51:21,14:51:21,Present,88.0,-46.0,0.0,NO
2026-08-06 14:51:23,14:51:23,Present,88.0,-46.0,0.0,NO
2026-08-06 14:51:26,14:51:26,Present,88.0,-45.6,0.0,NO
2026-08-06 14:51:28,14:51:28,Present,88.0,-46.0,0.0,NO
2026-08-06 14:51:30,14:51:30,Present,88.0,-47.0,0.0,NO
2026-08-06 14:51:32,14:51:32,Present,88.0,-48.3,0.0,NO
2026-08-06 14:51:35,14:51:35,Present,88.0,-48.0,0.0,NO
2026-08-06 14:51:37,14:51:37,Present,90.6,-51.7,0.0,NO
2026-08-06 14:51:39,14:51:39,Present,97.7,-46.2,0.0,NO
2026-08-06 14:51:43,14:51:43,Present,99.0,-49.3,0.0,NO
2026-08-06 14:51:45,14:51:45,Present,88.0,-50.6,0.0,NO
2026-08-06 14:51:48,14:51:48,Present,88.0,-50.8,0.0,NO
2026-08-06 14:51:50,14:51:50,Present,97.4,-50.9,0.0,NO
2026-08-06 14:51:52,14:51:52,Present,88.0,-48.1,0.0,NO
2026-08-06 14:51:54,14:51:54,Present,88.0,-47.6,0.0,NO
2026-08-06 14:51:56,14:51:56,Present,88.0,-48.0,0.0,NO
2026-08-06 14:51:59,14:51:59,Present,88.0,-48.5,0.0,NO
2026-08-06 14:52:01,14:52:01,Present,88.0,-48.1,0.0,NO
2026-08-06 14:52:03,14:52:03,Present,88.0,-49.6,0.0,NO
2026-08-06 14:52:05,14:52:05,Present,88.0,-48.5,0.0,NO
2026-08-06 14:52:07,14:52:07,Present,88.0,-48.6,0.0,NO
2026-08-06 14:52:11,14:52:11,Present,96.3,-50.9,0.0,NO
2026-08-06 14:52:13,14:52:13,Present,88.0,-47.6,0.0,NO
2026-08-06 14:52:15,14:52:15,Present,88.0,-49.0,0.0,NO
2026-08-06 14:52:17,14:52:17,Present,88.0,-47.7,0.0,NO
2026-08-06 14:52:20,14:52:20,Present,88.0,-47.8,0.0,NO
2026-08-06 14:52:22,14:52:22,Present,88.0,-47.0,0.0,NO
2026-08-06 14:52:25,14:52:25,Present,88.0,-48.7,0.0,NO
2026-08-06 14:52:28,14:52:28,Present,88.0,-52.6,0.0,NO
2026-08-06 14:52:30,14:52:30,Present,99.0,-51.8,0.0,NO
2026-08-06 14:52:32,14:52:32,Present,99.0,-51.2,0.0,NO
2026-08-06 14:52:35,14:52:35,Present,88.0,-48.1,0.0,NO
2026-08-06 14:52:37,14:52:37,Present,88.0,-46.2,0.0,NO
2026-08-06 14:52:39,14:52:39,Present,88.0,-45.4,0.0,NO
2026-08-06 14:52:41,14:52:41,Present,88.0,-45.9,0.0,NO
2026-08-06 14:52:43,14:52:43,Present,88.0,-45.5,0.0,NO
2026-08-06 14:52:45,14:52:45,Present,88.0,-45.9,0.0,NO
2026-08-06 14:52:48,14:52:48,Present,88.0,-45.1,0.0,NO
2026-08-06 14:52:50,14:52:50,Present,88.0,-45.0,0.0,NO
2026-08-06 14:52:52,14:52:52,Present,88.0,-46.0,0.0,NO
2026-08-06 14:52:54,14:52:54,Present,88.0,-46.0,0.0,NO
2026-08-06 14:52:56,14:52:56,Present,99.0,-46.3,0.0,NO
2026-08-06 14:52:59,14:52:59,Present,99.0,-45.7,0.0,NO
2026-08-06 14:53:01,14:53:01,Present,99.0,-46.0,0.0,NO
2026-08-06 14:53:04,14:53:04,Present,99.0,-46.0,0.0,NO
2026-08-06 14:53:06,14:53:06,Present,99.0,-45.6,0.0,NO
2026-08-06 14:53:08,14:53:08,Present,99.0,-45.3,0.0,NO
2026-08-06 14:53:10,14:53:10,Present,88.0,-46.1,0.0,NO
2026-08-06 14:53:12,14:53:12,Present,98.3,-43.1,0.0,NO
2026-08-06 14:53:14,14:53:14,Present,98.4,-43.9,0.0,NO
2026-08-06 14:53:16,14:53:16,Present,98.6,-42.9,0.0,NO
2026-08-06 14:53:18,14:53:18,Present,88.0,-43.4,0.0,NO
2026-08-06 14:53:20,14:53:20,Present,88.0,-46.4,0.0,NO
2026-08-06 14:53:24,14:53:24,Present,88.0,-43.5,0.0,NO
2026-08-06 14:53:26,14:53:26,Present,88.0,-43.6,0.0,NO
2026-08-06 14:53:28,14:53:28,Present,88.0,-43.6,0.0,NO
2026-08-06 14:53:30,14:53:30,Present,99.0,-42.5,0.0,NO
2026-08-06 14:53:33,14:53:33,Present,99.0,-46.6,0.0,NO
2026-08-06 14:53:36,14:53:36,Present,88.0,-44.5,0.0,NO
2026-08-06 14:53:38,14:53:38,Present,97.2,-44.9,0.0,NO
2026-08-06 14:53:40,14:53:40,Present,99.0,-46.1,0.0,NO
2026-08-06 14:53:42,14:53:42,Present,99.0,-45.6,0.0,NO
2026-08-06 14:53:44,14:53:44,Present,99.0,-46.0,0.0,NO
2026-08-06 14:53:46,14:53:46,Present,98.6,-48.0,0.0,NO
2026-08-06 14:53:50,14:53:50,Present,93.7,-47.0,0.0,NO
2026-08-06 14:53:52,14:53:52,Present,99.0,-48.0,0.0,NO
2026-08-06 14:53:55,14:53:55,Present,99.0,-47.7,0.0,NO
2026-08-06 14:53:58,14:53:58,Present,99.0,-45.1,0.0,NO
2026-08-06 14:54:00,14:54:00,Present,99.0,-46.8,0.0,NO
2026-08-06 14:54:02,14:54:02,Present,99.0,-45.1,0.0,NO
2026-08-06 14:54:04,14:54:04,Present,96.2,-46.0,0.0,NO
2026-08-06 14:54:06,14:54:06,Present,96.2,-46.1,0.0,NO
2026-08-06 14:54:08,14:54:08,Present,97.4,-46.0,0.0,NO
2026-08-06 14:54:11,14:54:11,Present,88.0,-46.0,0.0,NO
2026-08-06 14:54:13,14:54:13,Present,89.9,-45.9,0.0,NO
2026-08-06 14:54:15,14:54:15,Present,88.0,-45.2,0.0,NO
2026-08-06 14:54:17,14:54:17,Present,88.0,-47.0,0.0,NO
2026-08-06 14:54:19,14:54:19,Present,88.0,-46.9,0.0,NO
2026-08-06 14:54:21,14:54:21,Present,88.0,-47.3,0.0,NO
2026-08-06 14:54:24,14:54:24,Present,88.0,-47.2,0.0,NO
2026-08-06 14:54:26,14:54:26,Present,88.0,-46.9,0.0,NO
2026-08-06 14:54:29,14:54:29,Present,88.0,-47.0,0.0,NO
2026-08-06 14:54:31,14:54:31,Present,95.4,-49.5,0.0,NO
2026-08-06 14:54:33,14:54:33,Present,98.3,-48.4,0.0,NO
2026-08-06 14:54:35,14:54:35,Present,88.0,-49.7,0.0,NO
2026-08-06 14:54:37,14:54:37,Present,99.0,-47.6,0.0,NO
2026-08-06 14:54:40,14:54:40,Present,96.9,-48.8,0.0,NO
2026-08-06 14:54:43,14:54:43,Present,99.0,-48.4,0.0,NO
2026-08-06 14:54:45,14:54:45,Present,99.0,-49.2,0.0,NO
2026-08-06 14:54:47,14:54:47,Present,99.0,-46.1,0.0,NO
2026-08-06 14:54:49,14:54:49,Present,88.0,-47.5,0.0,NO
2026-08-06 14:54:51,14:54:51,Present,88.0,-45.3,0.0,NO
2026-08-06 14:54:53,14:54:53,Present,88.0,-47.2,0.0,NO
2026-08-06 14:54:56,14:54:56,Present,88.0,-46.4,0.0,NO
2026-08-06 14:54:58,14:54:58,Present,88.0,-52.9,0.0,NO
2026-08-06 14:55:01,14:55:01,Present,90.2,-50.1,0.0,NO
2026-08-06 14:55:04,14:55:04,Present,88.0,-49.3,0.0,NO
2026-08-06 14:55:06,14:55:06,Present,88.0,-50.2,0.0,NO
2026-08-06 14:55:08,14:55:08,Present,88.0,-44.3,0.0,NO
2026-08-06 14:55:10,14:55:10,Present,99.0,-57.9,0.0,NO
2026-08-06 14:55:12,14:55:12,Present,97.8,-49.3,0.0,NO
2026-08-06 14:55:14,14:55:14,Present,93.9,-47.9,0.0,NO
2026-08-06 14:55:16,14:55:16,Present,99.0,-49.0,0.0,NO
2026-08-06 14:55:19,14:55:19,Present,99.0,-50.8,0.0,NO
2026-08-06 14:55:21,14:55:21,Present,99.0,-49.3,0.0,NO
2026-08-06 14:55:23,14:55:23,Present,89.2,-49.5,0.0,NO
2026-08-06 14:55:25,14:55:25,Present,88.0,-47.4,0.0,NO
2026-08-06 14:55:27,14:55:27,Present,88.0,-47.0,0.0,NO
2026-08-06 14:55:30,14:55:30,Present,98.4,-48.0,0.0,NO
2026-08-06 14:55:32,14:55:32,Present,99.0,-47.8,0.0,NO
2026-08-06 14:55:34,14:55:34,Present,99.0,-47.9,0.0,NO
2026-08-06 14:55:37,14:55:37,Present,99.0,-46.0,0.0,NO
2026-08-06 14:55:39,14:55:39,Present,99.0,-50.9,0.0,NO
2026-08-06 14:55:41,14:55:41,Present,99.0,-50.7,0.0,NO
2026-08-06 14:55:44,14:55:44,Present,88.0,-50.0,0.0,NO
2026-08-06 14:55:46,14:55:46,Present,91.6,-50.7,0.0,NO
2026-08-06 14:55:48,14:55:48,Present,88.0,-49.9,0.0,NO
2026-08-06 14:55:51,14:55:51,Present,90.1,-49.8,0.0,NO
2026-08-06 14:55:53,14:55:53,Present,99.0,-50.0,0.0,NO
2026-08-06 14:55:55,14:55:55,Present,99.0,-50.5,0.0,NO
2026-08-06 14:55:57,14:55:57,Present,99.0,-49.2,0.0,NO
2026-08-06 14:56:00,14:56:00,Present,99.0,-48.2,0.0,NO
2026-08-06 14:56:02,14:56:02,Present,99.0,-49.4,0.0,NO
2026-08-06 14:56:04,14:56:04,Present,99.0,-49.5,0.0,NO
2026-08-06 14:56:07,14:56:07,Present,99.0,-48.5,0.0,NO
2026-08-06 14:56:09,14:56:09,Present,99.0,-52.2,0.0,NO
2026-08-06 14:56:11,14:56:11,Present,99.0,-48.2,0.0,NO
2026-08-06 14:56:13,14:56:13,Present,99.0,-48.4,0.0,NO
2026-08-06 14:56:15,14:56:15,Present,99.0,-48.2,0.0,NO
2026-08-06 14:56:17,14:56:17,Present,99.0,-49.0,0.0,NO
2026-08-06 14:56:20,14:56:20,Present,99.0,-48.9,0.0,NO
2026-08-06 14:56:22,14:56:22,Present,99.0,-50.0,0.0,NO
2026-08-06 14:56:24,14:56:24,Present,99.0,-49.0,0.0,NO
2026-08-06 14:56:26,14:56:26,Present,99.0,-50.0,0.0,NO
2026-08-06 14:56:28,14:56:28,Present,99.0,-49.5,0.0,NO
2026-08-06 14:56:30,14:56:30,Present,99.0,-47.9,0.0,NO
2026-08-06 14:56:32,14:56:32,Present,99.0,-48.9,0.0,NO
2026-08-06 14:56:34,14:56:34,Present,99.0,-48.8,0.0,NO
2026-08-06 14:56:37,14:56:37,Present,88.0,-46.3,0.0,NO
2026-08-06 14:56:40,14:56:40,Present,95.6,-48.5,0.0,NO
2026-08-06 14:56:42,14:56:42,Present,99.0,-47.9,0.0,NO
2026-08-06 14:56:44,14:56:44,Present,88.0,-48.4,0.0,NO
2026-08-06 14:56:47,14:56:47,Present,94.3,-47.7,0.0,NO
2026-08-06 14:56:49,14:56:49,Present,99.0,-50.0,0.0,NO
2026-08-06 14:56:51,14:56:51,Present,90.9,-49.4,0.0,NO
2026-08-06 14:56:53,14:56:53,Present,96.8,-51.5,0.0,NO
2026-08-06 14:56:55,14:56:55,Present,99.0,-47.7,0.0,NO
2026-08-06 14:56:58,14:56:58,Present,88.0,-51.6,0.0,NO
2026-08-06 14:57:01,14:57:01,Present,88.0,-50.8,0.0,NO
2026-08-06 14:57:03,14:57:03,Present,99.0,-50.9,0.0,NO
2026-08-06 14:57:05,14:57:05,Present,99.0,-49.5,0.0,NO
2026-08-06 14:57:07,14:57:07,Present,90.7,-49.6,0.0,NO
2026-08-06 14:57:09,14:57:09,Present,88.0,-50.4,0.0,NO
2026-08-06 14:57:11,14:57:11,Present,97.9,-50.0,0.0,NO
2026-08-06 14:57:14,14:57:14,Present,99.0,-49.9,0.0,NO
2026-08-06 14:57:17,14:57:17,Present,99.0,-49.9,0.0,NO
2026-08-06 14:57:19,14:57:19,Present,99.0,-50.0,0.0,NO
2026-08-06 14:57:21,14:57:21,Present,99.0,-49.5,0.0,NO
2026-08-06 14:57:23,14:57:23,Present,99.0,-48.9,0.0,NO
2026-08-06 14:57:26,14:57:26,Present,99.0,-50.0,0.0,NO
2026-08-06 14:57:29,14:57:29,Present,99.0,-49.6,0.0,NO
2026-08-06 14:57:31,14:57:31,Present,99.0,-47.9,0.0,NO
2026-08-06 14:57:33,14:57:33,Present,99.0,-49.2,0.0,NO
2026-08-06 14:57:35,14:57:35,Present,97.7,-49.8,0.0,NO
2026-08-06 14:57:37,14:57:37,Present,99.0,-48.5,0.0,NO
2026-08-06 14:57:39,14:57:39,Present,99.0,-49.0,0.0,NO
2026-08-06 14:57:41,14:57:41,Present,99.0,-49.9,0.0,NO
2026-08-06 14:57:43,14:57:43,Present,99.0,-49.5,0.0,NO
2026-08-06 14:57:45,14:57:45,Present,91.8,-50.4,0.0,NO
2026-08-06 14:57:48,14:57:48,Present,99.0,-47.7,0.0,NO
2026-08-06 14:57:50,14:57:50,Present,88.0,-51.6,0.0,NO
2026-08-06 14:57:52,14:57:52,Present,99.0,-50.4,0.0,NO
2026-08-06 14:57:54,14:57:54,Present,96.9,-47.0,0.0,NO
2026-08-06 14:57:56,14:57:56,Present,99.0,-49.5,0.0,NO
2026-08-06 14:57:58,14:57:58,Present,99.0,-48.9,0.0,NO
2026-08-06 14:58:01,14:58:01,Present,99.0,-49.1,0.0,NO
2026-08-06 14:58:03,14:58:03,Present,99.0,-49.8,0.0,NO
2026-08-06 14:58:05,14:58:05,Present,99.0,-52.2,0.0,NO
2026-08-06 14:58:07,14:58:07,Present,95.4,-51.8,0.0,NO
2026-08-06 14:58:10,14:58:10,Present,88.0,-48.1,0.0,NO
2026-08-06 14:58:13,14:58:13,Present,99.0,-48.7,0.0,NO
2026-08-06 14:58:16,14:58:16,Present,99.0,-47.8,0.0,NO
2026-08-06 14:58:18,14:58:18,Present,97.0,-47.9,0.0,NO
2026-08-06 14:58:20,14:58:20,Present,96.8,-49.0,0.0,NO
2026-08-06 14:58:22,14:58:22,Present,97.0,-49.0,0.0,NO
2026-08-06 14:58:24,14:58:24,Present,99.0,-49.9,0.0,NO
2026-08-06 14:58:26,14:58:26,Present,94.9,-52.2,0.0,NO
2026-08-06 14:58:29,14:58:29,Present,94.9,-50.6,0.0,NO
2026-08-06 14:58:31,14:58:31,Present,99.0,-49.5,0.0,NO
2026-08-06 14:58:34,14:58:34,Present,99.0,-46.5,0.0,NO
2026-08-06 14:58:36,14:58:36,Present,99.0,-48.7,0.0,NO
2026-08-06 14:58:38,14:58:38,Present,99.0,-47.1,0.0,NO
2026-08-06 14:58:40,14:58:40,Present,99.0,-47.9,0.0,NO
2026-08-06 14:58:42,14:58:42,Present,96.8,-46.9,0.0,NO
2026-08-06 14:58:44,14:58:44,Present,88.0,-46.7,0.0,NO
2026-08-06 14:58:46,14:58:46,Present,98.7,-50.1,0.0,NO
2026-08-06 14:58:48,14:58:48,Present,99.0,-48.2,0.0,NO
2026-08-06 14:58:51,14:58:51,Present,99.0,-51.4,0.0,NO
2026-08-06 14:58:53,14:58:53,Present,99.0,-50.9,0.0,NO
2026-08-06 14:58:55,14:58:55,Present,99.0,-48.7,0.0,NO
2026-08-06 14:58:57,14:58:57,Present,99.0,-51.3,0.0,NO
2026-08-06 14:58:59,14:58:59,Present,99.0,-49.0,0.0,NO
2026-08-06 14:59:01,14:59:01,Present,99.0,-47.2,0.0,NO
2026-08-06 14:59:04,14:59:04,Present,99.0,-49.3,0.0,NO
2026-08-06 14:59:09,14:59:09,Present,99.0,-49.8,0.0,NO
2026-08-06 14:59:11,14:59:11,Present,99.0,-49.0,0.0,NO
2026-08-06 14:59:15,14:59:15,Present,99.0,-49.9,0.0,NO
2026-08-06 14:59:17,14:59:17,Present,99.0,-50.0,0.0,NO
2026-08-06 14:59:19,14:59:19,Present,99.0,-47.3,0.0,NO
2026-08-06 14:59:21,14:59:21,Present,88.0,-50.4,0.0,NO
2026-08-06 14:59:23,14:59:23,Present,88.0,-51.3,0.0,NO
2026-08-06 14:59:25,14:59:25,Present,88.0,-50.0,0.0,NO
2026-08-06 14:59:27,14:59:27,Present,88.0,-50.8,0.0,NO
2026-08-06 14:59:30,14:59:30,Present,88.0,-50.4,0.0,NO
2026-08-06 14:59:32,14:59:32,Present,88.0,-49.7,0.0,NO
2026-08-06 14:59:34,14:59:34,Present,88.0,-51.6,0.0,NO
2026-08-06 14:59:37,14:59:37,Present,96.1,-49.5,0.0,NO
2026-08-06 14:59:39,14:59:39,Present,92.8,-51.2,0.0,NO
2026-08-06 14:59:41,14:59:41,Present,88.0,-52.3,0.0,NO
2026-08-06 14:59:43,14:59:43,Present,95.9,-49.8,0.0,NO
2026-08-06 14:59:46,14:59:46,Present,89.2,-51.2,0.0,NO
2026-08-06 14:59:48,14:59:48,Present,97.8,-50.8,0.0,NO
2026-08-06 14:59:50,14:59:50,Present,99.0,-51.0,0.0,NO
2026-08-06 14:59:52,14:59:52,Present,99.0,-50.4,0.0,NO
2026-08-06 14:59:54,14:59:54,Present,99.0,-50.2,0.0,NO
2026-08-06 14:59:56,14:59:56,Present,99.0,-48.3,0.0,NO
2026-08-06 14:59:58,14:59:58,Present,99.0,-48.0,0.0,NO
2026-08-06 15:00:01,15:00:01,Present,97.2,-45.9,0.0,NO
2026-08-06 15:00:03,15:00:03,Present,99.0,-46.3,0.0,NO
2026-08-06 15:00:05,15:00:05,Present,99.0,-46.3,0.0,NO
2026-08-06 15:00:07,15:00:07,Present,99.0,-46.9,0.0,NO
2026-08-06 15:00:09,15:00:09,Present,99.0,-48.3,0.0,NO
2026-08-06 15:00:11,15:00:11,Present,99.0,-47.2,0.0,NO
2026-08-06 15:00:13,15:00:13,Present,99.0,-47.7,0.0,NO
2026-08-06 15:00:16,15:00:16,Present,99.0,-47.0,0.0,NO
2026-08-06 15:00:18,15:00:18,Present,99.0,-46.9,0.0,NO
2026-08-06 15:00:20,15:00:20,Present,99.0,-46.8,0.0,NO
2026-08-06 15:00:22,15:00:22,Present,99.0,-46.8,0.0,NO
2026-08-06 15:00:24,15:00:24,Present,95.8,-46.3,0.0,NO
2026-08-06 15:00:26,15:00:26,Present,99.0,-47.7,0.0,NO
2026-08-06 15:00:28,15:00:28,Present,99.0,-47.0,0.0,NO
2026-08-06 15:00:31,15:00:31,Present,99.0,-47.2,0.0,NO
2026-08-06 15:00:33,15:00:33,Present,99.0,-50.1,0.0,NO
2026-08-06 15:00:35,15:00:35,Present,99.0,-47.4,0.0,NO
2026-08-06 15:00:37,15:00:37,Present,99.0,-47.0,0.0,NO
2026-08-06 15:00:39,15:00:39,Present,99.0,-47.0,0.0,NO
2026-08-06 15:00:41,15:00:41,Present,99.0,-48.0,0.0,NO
2026-08-06 15:00:43,15:00:43,Present,99.0,-47.7,0.0,NO
2026-08-06 15:00:47,15:00:47,Present,99.0,-46.9,0.0,NO
2026-08-06 15:00:49,15:00:49,Present,99.0,-46.9,0.0,NO
2026-08-06 15:00:52,15:00:52,Present,99.0,-47.1,0.0,NO
2026-08-06 15:00:54,15:00:54,Present,99.0,-47.0,0.0,NO
2026-08-06 15:00:56,15:00:56,Present,96.2,-46.9,0.0,NO
2026-08-06 15:00:59,15:00:59,Present,96.0,-47.1,0.0,NO
2026-08-06 15:01:01,15:01:01,Present,99.0,-47.1,0.0,NO
2026-08-06 15:01:03,15:01:03,Present,99.0,-47.3,0.0,NO
2026-08-06 15:01:05,15:01:05,Present,99.0,-49.0,0.0,NO
2026-08-06 15:01:07,15:01:07,Present,99.0,-47.3,0.0,NO
2026-08-06 15:01:10,15:01:10,Present,98.1,-47.9,0.0,NO
2026-08-06 15:01:12,15:01:12,Present,99.0,-50.8,0.0,NO
2026-08-06 15:01:14,15:01:14,Present,99.0,-48.0,0.0,NO
2026-08-06 15:01:16,15:01:16,Present,99.0,-49.5,0.0,NO
2026-08-06 15:01:19,15:01:19,Present,99.0,-50.3,0.0,NO
2026-08-06 15:01:21,15:01:21,Present,99.0,-47.1,0.0,NO
2026-08-06 15:01:24,15:01:24,Present,99.0,-48.4,0.0,NO
2026-08-06 15:01:27,15:01:27,Present,99.0,-48.6,0.0,NO
2026-08-06 15:01:29,15:01:29,Present,99.0,-50.0,0.0,NO
2026-08-06 15:01:31,15:01:31,Present,99.0,-50.0,0.0,NO
2026-08-06 15:01:33,15:01:33,Present,99.0,-50.1,0.0,NO
2026-08-06 15:01:37,15:01:37,Present,99.0,-52.0,0.0,NO
2026-08-06 15:01:39,15:01:39,Present,99.0,-50.8,0.0,NO
2026-08-06 15:01:41,15:01:41,Present,99.0,-50.3,0.0,NO
2026-08-06 15:01:44,15:01:44,Present,99.0,-49.6,0.0,NO
2026-08-06 15:01:46,15:01:46,Present,99.0,-49.0,0.0,NO
2026-08-06 15:01:48,15:01:48,Present,99.0,-48.2,0.0,NO
2026-08-06 15:01:50,15:01:50,Present,99.0,-51.7,0.0,NO
2026-08-06 15:01:52,15:01:52,Present,99.0,-50.8,0.0,NO
2026-08-06 15:01:54,15:01:54,Present,99.0,-49.9,0.0,NO
2026-08-06 15:01:57,15:01:57,Present,99.0,-50.1,0.0,NO
2026-08-06 15:01:59,15:01:59,Present,99.0,-48.2,0.0,NO
2026-08-06 15:02:01,15:02:01,Present,99.0,-52.8,0.0,NO
2026-08-06 15:02:03,15:02:03,Present,99.0,-49.6,0.0,NO
2026-08-06 15:02:05,15:02:05,Present,99.0,-49.0,0.0,NO
2026-08-06 15:02:08,15:02:08,Present,99.0,-48.5,0.0,NO
2026-08-06 15:02:10,15:02:10,Present,99.0,-50.0,0.0,NO
2026-08-06 15:02:12,15:02:12,Present,99.0,-50.1,0.0,NO
2026-08-06 15:02:14,15:02:14,Present,99.0,-50.1,0.0,NO
2026-08-06 15:02:16,15:02:16,Present,97.7,-50.5,0.0,NO
2026-08-06 15:02:19,15:02:19,Present,88.0,-50.6,0.0,NO
2026-08-06 15:02:21,15:02:21,Present,99.0,-49.3,0.0,NO
2026-08-06 15:02:23,15:02:23,Present,99.0,-48.7,0.0,NO
2026-08-06 15:02:25,15:02:25,Present,99.0,-48.4,0.0,NO
2026-08-06 15:02:27,15:02:27,Present,99.0,-48.0,0.0,NO
2026-08-06 15:02:29,15:02:29,Present,99.0,-50.0,0.0,NO
2026-08-06 15:02:32,15:02:32,Present,99.0,-50.0,0.0,NO
2026-08-06 15:02:34,15:02:34,Present,97.6,-50.4,0.0,NO
2026-08-06 15:02:36,15:02:36,Present,97.9,-49.8,0.0,NO
2026-08-06 15:02:38,15:02:38,Present,94.3,-50.0,0.0,NO
2026-08-06 15:02:40,15:02:40,Present,98.8,-48.7,0.0,NO
2026-08-06 15:02:42,15:02:42,Present,88.0,-50.0,0.0,NO
2026-08-06 15:02:44,15:02:44,Present,99.0,-50.0,0.0,NO
2026-08-06 15:02:47,15:02:47,Present,88.0,-50.2,0.0,NO
2026-08-06 15:02:49,15:02:49,Present,88.0,-50.3,0.0,NO
2026-08-06 15:02:51,15:02:51,Present,99.0,-49.7,0.0,NO
2026-08-06 15:02:53,15:02:53,Present,99.0,-49.3,0.0,NO
2026-08-06 15:02:56,15:02:56,Present,99.0,-49.1,0.0,NO
2026-08-06 15:02:58,15:02:58,Present,99.0,-49.5,0.0,NO
2026-08-06 15:03:01,15:03:01,Present,99.0,-50.3,0.0,NO
2026-08-06 15:03:03,15:03:03,Present,98.9,-49.6,0.0,NO
2026-08-06 15:03:05,15:03:05,Present,99.0,-49.0,0.0,NO
2026-08-06 15:03:07,15:03:07,Present,99.0,-52.6,0.0,NO
2026-08-06 15:03:09,15:03:09,Present,99.0,-48.0,0.0,NO
2026-08-06 15:03:12,15:03:12,Present,99.0,-51.2,0.0,NO
2026-08-06 15:03:14,15:03:14,Present,99.0,-50.7,0.0,NO
2026-08-06 15:03:16,15:03:16,Present,99.0,-49.0,0.0,NO
2026-08-06 15:03:18,15:03:18,Present,99.0,-50.1,0.0,NO
2026-08-06 15:03:20,15:03:20,Present,99.0,-50.0,0.0,NO
2026-08-06 15:03:22,15:03:22,Present,99.0,-48.2,0.0,NO
2026-08-06 15:03:24,15:03:24,Present,99.0,-49.0,0.0,NO
2026-08-06 15:03:28,15:03:28,Present,99.0,-48.4,0.0,NO
2026-08-06 15:03:30,15:03:30,Present,88.0,-49.2,0.0,NO
2026-08-06 15:03:32,15:03:32,Present,95.3,-48.9,0.0,NO
2026-08-06 15:03:34,15:03:34,Present,98.9,-49.1,0.0,NO
2026-08-06 15:03:37,15:03:37,Present,99.0,-50.8,0.0,NO
2026-08-06 15:03:39,15:03:39,Present,99.0,-50.1,0.0,NO
2026-08-06 15:03:41,15:03:41,Present,99.0,-47.5,0.0,NO
2026-08-06 15:03:43,15:03:43,Present,99.0,-48.1,0.0,NO
2026-08-06 15:03:45,15:03:45,Present,99.0,-47.2,0.0,NO
2026-08-06 15:03:47,15:03:47,Present,99.0,-47.8,0.0,NO
2026-08-06 15:03:50,15:03:50,Present,99.0,-48.1,0.0,NO
2026-08-06 15:03:52,15:03:52,Present,99.0,-48.0,0.0,NO
2026-08-06 15:03:54,15:03:54,Present,99.0,-48.1,0.0,NO
2026-08-06 15:03:56,15:03:56,Present,96.8,-48.1,0.0,NO
2026-08-06 15:03:58,15:03:58,Present,89.6,-48.9,0.0,NO
2026-08-06 15:04:00,15:04:00,Present,99.0,-48.3,0.0,NO
2026-08-06 15:04:03,15:04:03,Present,99.0,-48.9,0.0,NO
2026-08-06 15:04:05,15:04:05,Present,88.0,-48.7,0.0,NO
2026-08-06 15:04:07,15:04:07,Present,95.0,-49.0,0.0,NO
2026-08-06 15:04:10,15:04:10,Present,99.0,-48.5,0.0,NO
2026-08-06 15:04:12,15:04:12,Present,99.0,-48.6,0.0,NO
2026-08-06 15:04:14,15:04:14,Present,99.0,-48.9,0.0,NO
2026-08-06 15:04:16,15:04:16,Present,99.0,-47.8,0.0,NO
2026-08-06 15:04:18,15:04:18,Present,99.0,-50.1,0.0,NO
2026-08-06 15:04:20,15:04:20,Present,99.0,-49.9,0.0,NO
2026-08-06 15:04:22,15:04:22,Present,99.0,-49.8,0.0,NO
2026-08-06 15:04:25,15:04:25,Present,99.0,-48.3,0.0,NO
2026-08-06 15:04:27,15:04:27,Present,99.0,-49.6,0.0,NO
2026-08-06 15:04:29,15:04:29,Present,88.0,-48.0,0.0,NO
2026-08-06 15:04:31,15:04:31,Present,88.0,-47.5,0.0,NO
2026-08-06 15:04:34,15:04:34,Present,97.8,-48.9,0.0,NO
2026-08-06 15:04:36,15:04:36,Present,99.0,-48.9,0.0,NO
2026-08-06 15:04:38,15:04:38,Present,99.0,-47.9,0.0,NO
2026-08-06 15:04:40,15:04:40,Present,99.0,-48.4,0.0,NO
2026-08-06 15:04:42,15:04:42,Present,88.0,-48.6,0.0,NO
2026-08-06 15:04:44,15:04:44,Present,88.0,-48.2,0.0,NO
2026-08-06 15:04:46,15:04:46,Present,99.0,-48.8,0.0,NO
2026-08-06 15:04:49,15:04:49,Present,99.0,-48.6,0.0,NO
2026-08-06 15:04:51,15:04:51,Present,98.4,-48.5,0.0,NO
2026-08-06 15:04:53,15:04:53,Present,96.5,-48.9,0.0,NO
2026-08-06 15:04:55,15:04:55,Present,95.1,-51.5,0.0,NO
2026-08-06 15:04:57,15:04:57,Present,99.0,-49.3,0.0,NO
2026-08-06 15:04:59,15:04:59,Present,99.0,-49.3,0.0,NO
2026-08-06 15:05:01,15:05:01,Present,99.0,-50.4,0.0,NO
2026-08-06 15:05:04,15:05:04,Present,99.0,-47.8,0.0,NO
2026-08-06 15:05:06,15:05:06,Present,99.0,-47.3,0.0,NO
2026-08-06 15:05:08,15:05:08,Present,99.0,-47.9,0.0,NO
2026-08-06 15:05:10,15:05:10,Present,99.0,-47.9,0.0,NO
2026-08-06 15:05:12,15:05:12,Present,99.0,-48.0,0.0,NO
2026-08-06 15:05:15,15:05:15,Present,99.0,-47.0,0.0,NO
2026-08-06 15:05:17,15:05:17,Present,88.0,-48.4,0.0,NO
2026-08-06 15:05:19,15:05:19,Present,88.0,-48.1,0.0,NO
2026-08-06 15:05:22,15:05:22,Present,99.0,-48.9,0.0,NO
2026-08-06 15:05:24,15:05:24,Present,95.4,-49.0,0.0,NO
2026-08-06 15:05:26,15:05:26,Present,97.3,-49.1,0.0,NO
2026-08-06 15:05:28,15:05:28,Present,96.2,-49.4,0.0,NO
2026-08-06 15:05:30,15:05:30,Present,95.4,-49.2,0.0,NO
2026-08-06 15:05:33,15:05:33,Present,99.0,-47.3,0.0,NO
2026-08-06 15:05:35,15:05:35,Present,99.0,-50.0,0.0,NO
2026-08-06 15:05:37,15:05:37,Present,99.0,-50.8,0.0,NO
2026-08-06 15:05:39,15:05:39,Present,99.0,-47.3,0.0,NO
2026-08-06 15:05:41,15:05:41,Present,99.0,-49.0,0.0,NO
2026-08-06 15:05:43,15:05:43,Present,90.9,-46.1,0.0,NO
2026-08-06 15:05:45,15:05:45,Present,89.4,-47.0,0.0,NO
2026-08-06 15:05:47,15:05:47,Present,88.0,-47.0,0.0,NO
2026-08-06 15:05:49,15:05:49,Present,92.8,-47.4,0.0,NO
2026-08-06 15:05:52,15:05:52,Present,88.0,-47.9,0.0,NO
2026-08-06 15:05:54,15:05:54,Present,88.0,-48.0,0.0,NO
2026-08-06 15:05:56,15:05:56,Present,92.3,-47.7,0.0,NO
2026-08-06 15:05:58,15:05:58,Present,99.0,-47.4,0.0,NO
2026-08-06 15:06:00,15:06:00,Present,99.0,-47.7,0.0,NO
2026-08-06 15:06:02,15:06:02,Present,99.0,-48.2,0.0,NO
2026-08-06 15:06:05,15:06:05,Present,99.0,-49.8,0.0,NO
2026-08-06 15:06:07,15:06:07,Present,99.0,-47.9,0.0,NO
2026-08-06 15:06:09,15:06:09,Present,99.0,-47.8,0.0,NO
2026-08-06 15:06:11,15:06:11,Present,99.0,-48.0,0.0,NO
2026-08-06 15:06:14,15:06:14,Present,98.5,-48.0,0.0,NO
2026-08-06 15:06:16,15:06:16,Present,99.0,-47.4,0.0,NO
2026-08-06 15:06:19,15:06:19,Present,99.0,-46.7,0.0,NO
2026-08-06 15:06:21,15:06:21,Present,99.0,-49.3,0.0,NO
2026-08-06 15:06:23,15:06:23,Present,99.0,-48.7,0.0,NO
2026-08-06 15:06:25,15:06:25,Present,99.0,-50.3,0.0,NO
2026-08-06 15:06:27,15:06:27,Present,99.0,-48.8,0.0,NO
2026-08-06 15:06:30,15:06:30,Present,99.0,-50.2,0.0,NO
2026-08-06 15:06:32,15:06:32,Present,99.0,-53.7,0.0,NO
2026-08-06 15:06:34,15:06:34,Present,99.0,-46.2,0.0,NO
2026-08-06 15:06:36,15:06:36,Present,88.6,-52.8,0.0,NO
2026-08-06 15:06:39,15:06:39,Present,90.0,-49.1,0.0,NO
2026-08-06 15:06:41,15:06:41,Present,90.8,-46.0,0.0,NO
2026-08-06 15:06:43,15:06:43,Present,99.0,-49.0,0.0,NO
2026-08-06 15:06:45,15:06:45,Present,99.0,-48.1,0.0,NO
2026-08-06 15:06:48,15:06:48,Present,99.0,-49.8,0.0,NO
2026-08-06 15:06:50,15:06:50,Present,99.0,-47.3,0.0,NO
2026-08-06 15:06:52,15:06:52,Present,99.0,-47.5,0.0,NO
2026-08-06 15:06:54,15:06:54,Present,99.0,-48.0,0.0,NO
2026-08-06 15:06:56,15:06:56,Present,99.0,-47.8,0.0,NO
2026-08-06 15:06:58,15:06:58,Present,99.0,-47.8,0.0,NO
2026-08-06 15:07:01,15:07:01,Present,99.0,-47.2,0.0,NO
2026-08-06 15:07:03,15:07:03,Present,99.0,-48.1,0.0,NO
2026-08-06 15:07:05,15:07:05,Present,99.0,-47.9,0.0,NO
2026-08-06 15:07:07,15:07:07,Present,98.9,-48.0,0.0,NO
2026-08-06 15:07:09,15:07:09,Present,99.0,-48.6,0.0,NO
2026-08-06 15:07:11,15:07:11,Present,99.0,-48.2,0.0,NO
2026-08-06 15:07:13,15:07:13,Present,99.0,-48.1,0.0,NO
2026-08-06 15:07:16,15:07:16,Present,99.0,-48.5,0.0,NO
2026-08-06 15:07:18,15:07:18,Present,99.0,-48.9,0.0,NO
2026-08-06 15:07:21,15:07:21,Present,99.0,-48.0,0.0,NO
2026-08-06 15:07:23,15:07:23,Present,99.0,-48.1,0.0,NO
2026-08-06 15:07:26,15:07:26,Present,99.0,-48.0,0.0,NO
2026-08-06 15:07:28,15:07:28,Present,99.0,-46.8,0.0,NO
2026-08-06 15:07:31,15:07:31,Present,96.0,-49.3,0.0,NO
2026-08-06 15:07:33,15:07:33,Present,88.0,-48.0,0.0,NO
2026-08-06 15:07:36,15:07:36,Present,88.0,-48.5,0.0,NO
2026-08-06 15:07:38,15:07:38,Present,99.0,-47.1,0.0,NO
2026-08-06 15:07:41,15:07:41,Present,99.0,-47.0,0.0,NO
2026-08-06 15:07:43,15:07:43,Present,98.8,-46.2,0.0,NO
2026-08-06 15:07:45,15:07:45,Present,92.5,-48.6,0.0,NO
2026-08-06 15:07:47,15:07:47,Present,88.0,-47.9,0.0,NO
2026-08-06 15:07:49,15:07:49,Present,92.7,-47.4,0.0,NO
2026-08-06 15:07:52,15:07:52,Present,90.0,-47.6,0.0,NO
2026-08-06 15:07:54,15:07:54,Present,97.7,-47.1,0.0,NO
2026-08-06 15:07:56,15:07:56,Present,99.0,-47.0,0.0,NO
2026-08-06 15:07:58,15:07:58,Present,99.0,-47.8,0.0,NO
2026-08-06 15:08:00,15:08:00,Present,96.0,-48.8,0.0,NO
2026-08-06 15:08:03,15:08:03,Present,88.0,-49.3,0.0,NO
2026-08-06 15:08:06,15:08:06,Present,88.0,-48.3,0.0,NO
2026-08-06 15:08:08,15:08:08,Present,88.0,-46.8,0.0,NO
2026-08-06 15:08:12,15:08:12,Present,93.4,-47.4,0.0,NO
2026-08-06 15:08:14,15:08:14,Present,99.0,-47.9,0.0,NO
2026-08-06 15:08:17,15:08:17,Present,99.0,-47.5,0.0,NO
2026-08-06 15:08:19,15:08:19,Present,92.9,-47.1,0.0,NO
2026-08-06 15:08:21,15:08:21,Present,89.9,-47.9,0.0,NO
2026-08-06 15:08:24,15:08:24,Present,94.2,-46.6,0.0,NO
2026-08-06 15:08:26,15:08:26,Present,88.0,-51.0,0.0,NO
2026-08-06 15:08:28,15:08:28,Present,88.0,-55.3,0.0,NO
2026-08-06 15:08:31,15:08:31,Present,94.5,-47.5,0.0,NO
2026-08-06 15:08:33,15:08:33,Present,93.6,-46.7,0.0,NO
2026-08-06 15:08:35,15:08:35,Present,88.0,-50.2,0.0,NO
2026-08-06 15:08:38,15:08:38,Present,88.0,-50.0,0.0,NO
2026-08-06 15:08:41,15:08:41,Present,88.0,-47.5,0.0,NO
2026-08-06 15:08:43,15:08:43,Present,99.0,-47.9,0.0,NO
2026-08-06 15:08:46,15:08:46,Present,99.0,-47.4,0.0,NO
2026-08-06 15:08:48,15:08:48,Present,99.0,-47.0,0.0,NO
2026-08-06 15:08:50,15:08:50,Present,99.0,-47.0,0.0,NO
2026-08-06 15:08:53,15:08:53,Present,99.0,-46.2,0.0,NO
2026-08-06 15:08:55,15:08:55,Present,99.0,-49.8,0.0,NO
2026-08-06 15:08:57,15:08:57,Present,99.0,-44.9,0.0,NO
2026-08-06 15:08:59,15:08:59,Present,99.0,-44.2,0.0,NO
2026-08-06 15:09:01,15:09:01,Present,99.0,-45.6,0.0,NO
2026-08-06 15:09:03,15:09:03,Present,99.0,-47.1,0.0,NO
2026-08-06 15:09:07,15:09:07,Present,99.0,-46.9,0.0,NO
2026-08-06 15:09:09,15:09:09,Present,91.9,-46.9,0.0,NO
2026-08-06 15:09:11,15:09:11,Present,94.3,-47.0,0.0,NO
2026-08-06 15:09:14,15:09:14,Present,98.8,-46.8,0.0,NO
2026-08-06 15:09:16,15:09:16,Present,99.0,-47.0,0.0,NO
2026-08-06 15:09:19,15:09:19,Present,99.0,-46.8,0.0,NO
2026-08-06 15:09:21,15:09:21,Present,99.0,-47.1,0.0,NO
2026-08-06 15:09:25,15:09:25,Present,99.0,-47.7,0.0,NO
2026-08-06 15:09:27,15:09:27,Present,95.9,-47.5,0.0,NO
2026-08-06 15:09:29,15:09:29,Present,99.0,-49.2,0.0,NO
2026-08-06 15:09:31,15:09:31,Present,99.0,-47.6,0.0,NO
2026-08-06 15:09:34,15:09:34,Present,99.0,-46.5,0.0,NO
2026-08-06 15:09:36,15:09:36,Present,92.5,-47.7,0.0,NO
2026-08-06 15:09:38,15:09:38,Present,94.9,-47.0,0.0,NO
2026-08-06 15:09:40,15:09:40,Present,99.0,-47.3,0.0,NO
2026-08-06 15:09:42,15:09:42,Present,99.0,-46.1,0.0,NO
2026-08-06 15:09:45,15:09:45,Present,99.0,-46.0,0.0,NO
2026-08-06 15:09:47,15:09:47,Present,99.0,-50.0,0.0,NO
2026-08-06 15:09:49,15:09:49,Present,95.8,-46.2,0.0,NO
2026-08-06 15:09:51,15:09:51,Present,98.0,-48.4,0.0,NO
2026-08-06 15:09:53,15:09:53,Present,99.0,-53.0,0.0,NO
2026-08-06 15:09:56,15:09:56,Present,99.0,-54.2,0.0,NO
2026-08-06 15:09:58,15:09:58,Present,99.0,-46.9,0.0,NO
2026-08-06 15:10:00,15:10:00,Present,93.2,-47.6,0.0,NO
2026-08-06 15:10:02,15:10:02,Present,88.0,-46.6,0.0,NO
2026-08-06 15:10:04,15:10:04,Present,88.0,-55.9,0.0,NO
2026-08-06 15:10:06,15:10:06,Present,99.0,-51.9,0.0,NO
2026-08-06 15:10:10,15:10:10,Present,99.0,-47.7,0.0,NO
2026-08-06 15:10:13,15:10:13,Present,99.0,-52.6,0.0,NO
2026-08-06 15:10:15,15:10:15,Present,99.0,-47.2,0.0,NO
2026-08-06 15:10:17,15:10:17,Present,91.9,-47.0,0.0,NO
2026-08-06 15:10:20,15:10:20,Present,91.0,-47.0,0.0,NO
2026-08-06 15:10:22,15:10:22,Present,99.0,-47.0,0.0,NO
2026-08-06 15:10:24,15:10:24,Present,94.9,-47.1,0.0,NO
2026-08-06 15:10:26,15:10:26,Present,93.2,-48.8,0.0,NO
2026-08-06 15:10:29,15:10:29,Present,99.0,-48.9,0.0,NO
2026-08-06 15:10:31,15:10:31,Present,99.0,-48.8,0.0,NO
2026-08-06 15:10:33,15:10:33,Present,99.0,-49.1,0.0,NO
2026-08-06 15:10:35,15:10:35,Present,98.7,-48.1,0.0,NO
2026-08-06 15:10:37,15:10:37,Present,99.0,-48.5,0.0,NO
2026-08-06 15:10:39,15:10:39,Present,98.9,-48.6,0.0,NO
2026-08-06 15:10:42,15:10:42,Present,99.0,-48.0,0.0,NO
2026-08-06 15:10:44,15:10:44,Present,99.0,-51.5,0.0,NO
2026-08-06 15:10:46,15:10:46,Present,99.0,-48.0,0.0,NO
2026-08-06 15:10:48,15:10:48,Present,99.0,-47.9,0.0,NO
2026-08-06 15:10:50,15:10:50,Present,93.7,-48.4,0.0,NO
2026-08-06 15:10:52,15:10:52,Present,95.0,-48.4,0.0,NO
2026-08-06 15:10:55,15:10:55,Present,94.7,-48.5,0.0,NO
2026-08-06 15:10:57,15:10:57,Present,96.8,-47.6,0.0,NO
2026-08-06 15:10:59,15:10:59,Present,99.0,-53.2,0.0,NO
2026-08-06 15:11:01,15:11:01,Present,99.0,-49.5,0.0,NO
2026-08-06 15:11:03,15:11:03,Present,97.5,-48.1,0.0,NO
2026-08-06 15:11:05,15:11:05,Present,88.0,-48.0,0.0,NO
2026-08-06 15:11:07,15:11:07,Present,99.0,-48.9,0.0,NO
2026-08-06 15:11:09,15:11:09,Present,96.2,-52.6,0.0,NO
2026-08-06 15:11:11,15:11:11,Present,99.0,-49.6,0.0,NO
2026-08-06 15:11:13,15:11:13,Present,99.0,-51.0,0.0,NO
2026-08-06 15:11:16,15:11:16,Present,97.6,-49.1,0.0,NO
2026-08-06 15:11:18,15:11:18,Present,99.0,-48.7,0.0,NO
2026-08-06 15:11:20,15:11:20,Present,99.0,-47.8,0.0,NO
2026-08-06 15:11:23,15:11:23,Present,99.0,-49.3,0.0,NO
2026-08-06 15:11:25,15:11:25,Present,99.0,-47.9,0.0,NO
2026-08-06 15:11:27,15:11:27,Present,99.0,-47.7,0.0,NO
2026-08-06 15:11:29,15:11:29,Present,99.0,-48.0,0.0,NO
2026-08-06 15:11:31,15:11:31,Present,99.0,-48.4,0.0,NO
2026-08-06 15:11:34,15:11:34,Present,99.0,-49.4,0.0,NO
2026-08-06 15:11:37,15:11:37,Present,99.0,-50.1,0.0,NO
2026-08-06 15:11:39,15:11:39,Present,99.0,-47.7,0.0,NO
2026-08-06 15:11:41,15:11:41,Present,99.0,-47.0,0.0,NO
2026-08-06 15:11:43,15:11:43,Present,99.0,-47.2,0.0,NO
2026-08-06 15:11:45,15:11:45,Present,99.0,-47.0,0.0,NO
2026-08-06 15:11:47,15:11:47,Present,99.0,-47.0,0.0,NO
2026-08-06 15:11:49,15:11:49,Present,99.0,-47.0,0.0,NO
2026-08-06 15:11:53,15:11:53,Present,98.7,-46.7,0.0,NO
2026-08-06 15:11:56,15:11:56,Present,99.0,-47.0,0.0,NO
2026-08-06 15:11:58,15:11:58,Present,99.0,-47.4,0.0,NO
2026-08-06 15:12:00,15:12:00,Present,99.0,-46.9,0.0,NO
2026-08-06 15:12:02,15:12:02,Present,99.0,-49.5,0.0,NO
2026-08-06 15:12:04,15:12:04,Present,99.0,-48.5,0.0,NO
2026-08-06 15:12:06,15:12:06,Present,99.0,-47.5,0.0,NO
2026-08-06 15:12:08,15:12:08,Present,99.0,-48.2,0.0,NO
2026-08-06 15:12:11,15:12:11,Present,99.0,-46.4,0.0,NO
2026-08-06 15:12:13,15:12:13,Present,99.0,-47.0,0.0,NO
2026-08-06 15:12:15,15:12:15,Present,99.0,-46.7,0.0,NO
2026-08-06 15:12:17,15:12:17,Present,99.0,-46.9,0.0,NO
2026-08-06 15:12:19,15:12:19,Present,99.0,-47.2,0.0,NO
2026-08-06 15:12:22,15:12:22,Present,99.0,-46.0,0.0,NO
2026-08-06 15:12:24,15:12:24,Present,99.0,-47.2,0.0,NO
2026-08-06 15:12:26,15:12:26,Present,99.0,-47.7,0.0,NO
2026-08-06 15:12:28,15:12:28,Present,99.0,-50.9,0.0,NO
2026-08-06 15:12:31,15:12:31,Present,99.0,-49.9,0.0,NO
2026-08-06 15:12:33,15:12:33,Present,99.0,-50.5,0.0,NO
2026-08-06 15:12:35,15:12:35,Present,95.8,-46.8,0.0,NO
2026-08-06 15:12:37,15:12:37,Present,98.6,-47.4,0.0,NO
2026-08-06 15:12:39,15:12:39,Present,99.0,-47.0,0.0,NO
2026-08-06 15:12:41,15:12:41,Present,99.0,-46.8,0.0,NO
2026-08-06 15:12:43,15:12:43,Present,99.0,-47.0,0.0,NO
2026-08-06 15:12:46,15:12:46,Present,97.9,-46.5,0.0,NO
2026-08-06 15:12:48,15:12:48,Present,99.0,-45.5,0.0,NO
2026-08-06 15:12:50,15:12:50,Present,97.5,-45.1,0.0,NO
2026-08-06 15:12:52,15:12:52,Present,99.0,-47.0,0.0,NO
2026-08-06 15:12:54,15:12:54,Present,99.0,-46.4,0.0,NO
2026-08-06 15:12:56,15:12:56,Present,99.0,-46.3,0.0,NO
2026-08-06 15:12:58,15:12:58,Present,99.0,-46.0,0.0,NO
2026-08-06 15:13:00,15:13:00,Present,99.0,-46.4,0.0,NO
2026-08-06 15:13:02,15:13:02,Present,99.0,-46.6,0.0,NO
2026-08-06 15:13:04,15:13:04,Present,99.0,-46.8,0.0,NO
2026-08-06 15:13:07,15:13:07,Present,99.0,-46.8,0.0,NO
2026-08-06 15:13:09,15:13:09,Present,99.0,-46.9,0.0,NO
2026-08-06 15:13:11,15:13:11,Present,99.0,-47.0,0.0,NO
2026-08-06 15:13:13,15:13:13,Present,99.0,-47.2,0.0,NO
2026-08-06 15:13:15,15:13:15,Present,99.0,-46.0,0.0,NO
2026-08-06 15:13:18,15:13:18,Present,99.0,-46.9,0.0,NO
2026-08-06 15:13:20,15:13:20,Present,98.8,-46.7,0.0,NO
2026-08-06 15:13:22,15:13:22,Present,99.0,-46.7,0.0,NO
2026-08-06 15:13:24,15:13:24,Present,99.0,-46.6,0.0,NO
2026-08-06 15:13:26,15:13:26,Present,99.0,-47.2,0.0,NO
2026-08-06 15:13:28,15:13:28,Present,99.0,-46.1,0.0,NO
2026-08-06 15:13:31,15:13:31,Present,97.4,-45.5,0.0,NO
2026-08-06 15:13:33,15:13:33,Present,99.0,-46.0,0.0,NO
2026-08-06 15:13:35,15:13:35,Present,99.0,-46.3,0.0,NO
2026-08-06 15:13:37,15:13:37,Present,99.0,-47.8,0.0,NO
2026-08-06 15:13:39,15:13:39,Present,96.7,-46.6,0.0,NO
2026-08-06 15:13:42,15:13:42,Present,97.6,-47.0,0.0,NO
2026-08-06 15:13:45,15:13:45,Present,99.0,-46.2,0.0,NO
2026-08-06 15:13:47,15:13:47,Present,97.1,-45.0,0.0,NO
2026-08-06 15:13:49,15:13:49,Present,94.9,-45.9,0.0,NO
2026-08-06 15:13:51,15:13:51,Present,99.0,-45.5,0.0,NO
2026-08-06 15:13:53,15:13:53,Present,90.7,-45.7,0.0,NO
2026-08-06 15:13:56,15:13:56,Present,97.2,-45.1,0.0,NO
2026-08-06 15:13:59,15:13:59,Present,88.0,-46.4,0.0,NO
2026-08-06 15:14:01,15:14:01,Present,88.0,-44.9,0.0,NO
2026-08-06 15:14:03,15:14:03,Present,99.0,-43.5,0.0,NO
2026-08-06 15:14:05,15:14:05,Present,99.0,-46.1,0.0,NO
2026-08-06 15:14:07,15:14:07,Present,99.0,-47.0,0.0,NO
2026-08-06 15:14:09,15:14:09,Present,99.0,-43.9,0.0,NO
2026-08-06 15:14:11,15:14:11,Present,99.0,-44.9,0.0,NO
2026-08-06 15:14:14,15:14:14,Present,97.7,-47.1,0.0,NO
2026-08-06 15:14:16,15:14:16,Present,99.0,-48.5,0.0,NO
2026-08-06 15:14:18,15:14:18,Present,99.0,-45.0,0.0,NO
2026-08-06 15:14:20,15:14:20,Present,99.0,-45.9,0.0,NO
2026-08-06 15:14:22,15:14:22,Present,98.8,-46.1,0.0,NO
2026-08-06 15:14:25,15:14:25,Present,96.9,-46.1,0.0,NO
2026-08-06 15:14:28,15:14:28,Present,99.0,-45.9,0.0,NO
2026-08-06 15:14:30,15:14:30,Present,96.7,-46.4,0.0,NO
2026-08-06 15:14:32,15:14:32,Present,98.8,-47.0,0.0,NO
2026-08-06 15:14:34,15:14:34,Present,99.0,-45.3,0.0,NO
2026-08-06 15:14:36,15:14:36,Present,99.0,-46.4,0.0,NO
2026-08-06 15:14:39,15:14:39,Present,99.0,-45.5,0.0,NO
2026-08-06 15:14:42,15:14:42,Present,99.0,-45.6,0.0,NO
2026-08-06 15:14:44,15:14:44,Present,99.0,-46.0,0.0,NO
2026-08-06 15:14:46,15:14:46,Present,99.0,-46.0,0.0,NO
2026-08-06 15:14:49,15:14:49,Present,99.0,-45.8,0.0,NO
2026-08-06 15:14:51,15:14:51,Present,99.0,-45.4,0.0,NO
2026-08-06 15:14:54,15:14:54,Present,99.0,-45.0,0.0,NO
2026-08-06 15:14:56,15:14:56,Present,99.0,-46.7,0.0,NO
2026-08-06 15:14:58,15:14:58,Present,99.0,-46.6,0.0,NO
2026-08-06 15:15:00,15:15:00,Present,99.0,-48.5,0.0,NO
2026-08-06 15:15:02,15:15:02,Present,99.0,-44.8,0.0,NO
2026-08-06 15:15:04,15:15:04,Present,98.6,-45.2,0.0,NO
2026-08-06 15:15:07,15:15:07,Present,99.0,-45.0,0.0,NO
2026-08-06 15:15:09,15:15:09,Present,99.0,-45.0,0.0,NO
2026-08-06 15:15:12,15:15:12,Present,99.0,-46.2,0.0,NO
2026-08-06 15:15:14,15:15:14,Present,88.3,-46.5,0.0,NO
2026-08-06 15:15:16,15:15:16,Present,88.0,-46.3,0.0,NO
2026-08-06 15:15:18,15:15:18,Present,98.9,-46.9,0.0,NO
2026-08-06 15:15:20,15:15:20,Present,88.0,-46.1,0.0,NO
2026-08-06 15:15:22,15:15:22,Present,88.0,-45.9,0.0,NO
2026-08-06 15:15:24,15:15:24,Present,99.0,-45.9,0.0,NO
2026-08-06 15:15:26,15:15:26,Present,99.0,-47.7,0.0,NO
2026-08-06 15:15:28,15:15:28,Present,99.0,-45.0,0.0,NO
2026-08-06 15:15:31,15:15:31,Present,94.1,-45.5,0.0,NO
2026-08-06 15:15:33,15:15:33,Present,98.5,-47.2,0.0,NO
2026-08-06 15:15:36,15:15:36,Present,95.7,-46.6,0.0,NO
2026-08-06 15:15:39,15:15:39,Present,93.3,-46.0,0.0,NO
2026-08-06 15:15:41,15:15:41,Present,98.3,-46.1,0.0,NO
2026-08-06 15:15:43,15:15:43,Present,99.0,-46.1,0.0,NO
2026-08-06 15:15:46,15:15:46,Present,99.0,-46.4,0.0,NO
2026-08-06 15:15:48,15:15:48,Present,99.0,-45.6,0.0,NO
2026-08-06 15:15:50,15:15:50,Present,99.0,-45.7,0.0,NO
2026-08-06 15:15:52,15:15:52,Present,99.0,-46.0,0.0,NO
2026-08-06 15:15:55,15:15:55,Present,98.3,-45.9,0.0,NO
2026-08-06 15:15:57,15:15:57,Present,95.1,-45.9,0.0,NO
2026-08-06 15:15:59,15:15:59,Present,99.0,-46.9,0.0,NO
2026-08-06 15:16:01,15:16:01,Present,91.8,-45.6,0.0,NO
2026-08-06 15:16:03,15:16:03,Present,91.4,-46.1,0.0,NO
2026-08-06 15:16:05,15:16:05,Present,99.0,-46.0,0.0,NO
2026-08-06 15:16:07,15:16:07,Present,99.0,-46.2,0.0,NO
2026-08-06 15:16:09,15:16:09,Present,99.0,-46.3,0.0,NO
2026-08-06 15:16:11,15:16:11,Present,99.0,-45.9,0.0,NO
2026-08-06 15:16:14,15:16:14,Present,99.0,-46.0,0.0,NO
2026-08-06 15:16:17,15:16:17,Present,97.0,-45.9,0.0,NO
2026-08-06 15:16:19,15:16:19,Present,91.5,-49.4,0.0,NO
2026-08-06 15:16:22,15:16:22,Present,88.0,-45.8,0.0,NO
2026-08-06 15:16:24,15:16:24,Present,97.7,-46.0,0.0,NO
2026-08-06 15:16:27,15:16:27,Present,96.1,-46.0,0.0,NO
2026-08-06 15:16:29,15:16:29,Present,99.0,-45.4,0.0,NO
2026-08-06 15:16:31,15:16:31,Present,99.0,-46.6,0.0,NO
2026-08-06 15:16:33,15:16:33,Present,99.0,-47.1,0.0,NO
2026-08-06 15:16:35,15:16:35,Present,99.0,-46.0,0.0,NO
2026-08-06 15:16:37,15:16:37,Present,88.5,-46.2,0.0,NO
2026-08-06 15:16:39,15:16:39,Present,98.3,-48.4,0.0,NO
2026-08-06 15:16:41,15:16:41,Present,99.0,-46.1,0.0,NO
2026-08-06 15:16:44,15:16:44,Present,99.0,-44.3,0.0,NO
2026-08-06 15:16:46,15:16:46,Present,90.8,-50.1,0.0,NO
2026-08-06 15:16:48,15:16:48,Present,93.0,-46.4,0.0,NO
2026-08-06 15:16:52,15:16:52,Present,99.0,-46.2,0.0,NO
2026-08-06 15:16:54,15:16:54,Present,98.1,-46.9,0.0,NO
2026-08-06 15:16:56,15:16:56,Present,98.7,-46.4,0.0,NO
2026-08-06 15:16:58,15:16:58,Present,99.0,-46.0,0.0,NO
2026-08-06 15:17:00,15:17:00,Present,97.9,-47.0,0.0,NO
2026-08-06 15:17:02,15:17:02,Present,98.5,-46.0,0.0,NO
2026-08-06 15:17:05,15:17:05,Present,99.0,-46.0,0.0,NO
2026-08-06 15:17:07,15:17:07,Present,99.0,-47.8,0.0,NO
2026-08-06 15:17:09,15:17:09,Present,99.0,-47.4,0.0,NO
2026-08-06 15:17:12,15:17:12,Present,99.0,-46.9,0.0,NO
2026-08-06 15:17:14,15:17:14,Present,99.0,-46.0,0.0,NO
2026-08-06 15:17:16,15:17:16,Present,99.0,-46.1,0.0,NO
2026-08-06 15:17:18,15:17:18,Present,88.0,-47.0,0.0,NO
2026-08-06 15:17:22,15:17:22,Present,99.0,-46.8,0.0,NO
2026-08-06 15:17:25,15:17:25,Present,97.4,-45.9,0.0,NO
2026-08-06 15:17:28,15:17:28,Present,96.6,-46.9,0.0,NO
2026-08-06 15:17:31,15:17:31,Present,99.0,-47.0,0.0,NO
2026-08-06 15:17:33,15:17:33,Present,99.0,-46.4,0.0,NO
2026-08-06 15:17:35,15:17:35,Present,99.0,-49.0,0.0,NO
2026-08-06 15:17:37,15:17:37,Present,99.0,-46.2,0.0,NO
2026-08-06 15:17:40,15:17:40,Present,98.1,-46.8,0.0,NO
2026-08-06 15:17:42,15:17:42,Present,98.5,-46.0,0.0,NO
2026-08-06 15:17:44,15:17:44,Present,98.5,-46.8,0.0,NO
2026-08-06 15:17:46,15:17:46,Present,96.8,-46.6,0.0,NO
2026-08-06 15:17:48,15:17:48,Present,98.1,-45.9,0.0,NO
2026-08-06 15:17:50,15:17:50,Present,99.0,-45.0,0.0,NO
2026-08-06 15:17:52,15:17:52,Present,99.0,-46.0,0.0,NO
2026-08-06 15:17:55,15:17:55,Present,99.0,-45.7,0.0,NO
2026-08-06 15:17:57,15:17:57,Present,97.8,-44.6,0.0,NO
2026-08-06 15:17:59,15:17:59,Present,95.9,-45.7,0.0,NO
2026-08-06 15:18:01,15:18:01,Present,98.8,-46.0,0.0,NO
2026-08-06 15:18:03,15:18:03,Present,99.0,-46.0,0.0,NO
2026-08-06 15:18:06,15:18:06,Present,99.0,-46.1,0.0,NO
2026-08-06 15:18:08,15:18:08,Present,99.0,-45.7,0.0,NO
2026-08-06 15:18:10,15:18:10,Present,97.8,-46.1,0.0,NO
2026-08-06 15:18:12,15:18:12,Present,88.0,-45.7,0.0,NO
2026-08-06 15:18:14,15:18:14,Present,89.9,-45.7,0.0,NO
2026-08-06 15:18:16,15:18:16,Present,88.0,-47.1,0.0,NO
2026-08-06 15:18:18,15:18:18,Present,89.5,-46.0,0.0,NO
2026-08-06 15:18:21,15:18:21,Present,88.0,-46.0,0.0,NO
2026-08-06 15:18:23,15:18:23,Present,88.0,-45.9,0.0,NO
2026-08-06 15:18:25,15:18:25,Present,95.7,-46.1,0.0,NO
2026-08-06 15:18:27,15:18:27,Present,97.2,-46.0,0.0,NO
2026-08-06 15:18:29,15:18:29,Present,88.0,-49.8,0.0,NO
2026-08-06 15:18:32,15:18:32,Present,88.0,-46.4,0.0,NO
2026-08-06 15:18:35,15:18:35,Present,88.0,-46.4,0.0,NO
2026-08-06 15:18:38,15:18:38,Present,88.0,-45.2,0.0,NO
2026-08-06 15:18:40,15:18:40,Present,88.0,-45.0,0.0,NO
2026-08-06 15:18:42,15:18:42,Present,88.0,-44.8,0.0,NO
2026-08-06 15:18:44,15:18:44,Present,88.0,-45.0,0.0,NO
2026-08-06 15:18:47,15:18:47,Present,99.0,-45.1,0.0,NO
2026-08-06 15:18:49,15:18:49,Present,99.0,-45.2,0.0,NO
2026-08-06 15:18:51,15:18:51,Present,88.0,-45.1,0.0,NO
2026-08-06 15:18:53,15:18:53,Present,93.6,-45.0,0.0,NO
2026-08-06 15:18:55,15:18:55,Present,99.0,-45.1,0.0,NO
2026-08-06 15:18:57,15:18:57,Present,99.0,-45.0,0.0,NO
2026-08-06 15:19:00,15:19:00,Present,99.0,-45.0,0.0,NO
2026-08-06 15:19:02,15:19:02,Present,98.0,-45.7,0.0,NO
2026-08-06 15:19:05,15:19:05,Present,99.0,-45.3,0.0,NO
2026-08-06 15:19:07,15:19:07,Present,99.0,-45.0,0.0,NO
2026-08-06 15:19:09,15:19:09,Present,99.0,-45.0,0.0,NO
2026-08-06 15:19:11,15:19:11,Present,98.4,-45.5,0.0,NO
2026-08-06 15:19:13,15:19:13,Present,97.8,-45.6,0.0,NO
2026-08-06 15:19:16,15:19:16,Present,99.0,-45.3,0.0,NO
2026-08-06 15:19:18,15:19:18,Present,88.0,-45.0,0.0,NO
2026-08-06 15:19:20,15:19:20,Present,88.0,-45.3,0.0,NO
2026-08-06 15:19:22,15:19:22,Present,88.0,-46.6,0.0,NO
2026-08-06 15:19:24,15:19:24,Present,89.6,-46.0,0.0,NO
2026-08-06 15:19:26,15:19:26,Present,92.5,-46.4,0.0,NO
2026-08-06 15:19:28,15:19:28,Present,98.8,-45.4,0.0,NO
2026-08-06 15:19:30,15:19:30,Present,99.0,-45.0,0.0,NO
2026-08-06 15:19:32,15:19:32,Present,98.8,-45.1,0.0,NO
2026-08-06 15:19:34,15:19:34,Present,99.0,-45.0,0.0,NO
2026-08-06 15:19:37,15:19:37,Present,99.0,-45.0,0.0,NO
2026-08-06 15:19:39,15:19:39,Present,88.0,-44.9,0.0,NO
2026-08-06 15:19:41,15:19:41,Present,88.0,-44.6,0.0,NO
2026-08-06 15:19:43,15:19:43,Present,99.0,-46.0,0.0,NO
2026-08-06 15:19:46,15:19:46,Present,88.0,-45.4,0.0,NO
2026-08-06 15:19:48,15:19:48,Present,88.0,-45.9,0.0,NO
2026-08-06 15:19:51,15:19:51,Present,96.3,-45.9,0.0,NO
2026-08-06 15:19:55,15:19:55,Present,89.1,-45.8,0.0,NO
2026-08-06 15:19:57,15:19:57,Present,90.4,-45.9,0.0,NO
2026-08-06 15:19:59,15:19:59,Present,88.8,-45.8,0.0,NO
2026-08-06 15:20:01,15:20:01,Present,95.2,-45.9,0.0,NO
2026-08-06 15:20:03,15:20:03,Present,98.5,-45.3,0.0,NO
2026-08-06 15:20:05,15:20:05,Present,95.1,-45.0,0.0,NO
2026-08-06 15:20:08,15:20:08,Present,99.0,-45.1,0.0,NO
2026-08-06 15:20:10,15:20:10,Present,88.0,-46.2,0.0,NO
2026-08-06 15:20:13,15:20:13,Present,88.0,-45.9,0.0,NO
2026-08-06 15:20:15,15:20:15,Present,88.0,-46.6,0.0,NO
2026-08-06 15:20:17,15:20:17,Present,88.0,-45.4,0.0,NO
2026-08-06 15:20:19,15:20:19,Present,88.0,-45.1,0.0,NO
2026-08-06 15:20:21,15:20:21,Present,98.5,-45.2,0.0,NO
2026-08-06 15:20:23,15:20:23,Present,92.0,-45.3,0.0,NO
2026-08-06 15:20:25,15:20:25,Present,88.0,-45.6,0.0,NO
2026-08-06 15:20:27,15:20:27,Present,88.0,-46.0,0.0,NO
2026-08-06 15:20:29,15:20:29,Present,99.0,-45.8,0.0,NO
2026-08-06 15:20:32,15:20:32,Present,99.0,-45.5,0.0,NO
2026-08-06 15:20:34,15:20:34,Present,88.0,-46.0,0.0,NO
2026-08-06 15:20:36,15:20:36,Present,88.0,-45.8,0.0,NO
2026-08-06 15:20:39,15:20:39,Present,89.8,-45.8,0.0,NO
2026-08-06 15:20:41,15:20:41,Present,95.5,-45.9,0.0,NO
2026-08-06 15:20:44,15:20:44,Present,88.0,-45.2,0.0,NO
2026-08-06 15:20:46,15:20:46,Present,88.0,-45.6,0.0,NO
2026-08-06 15:20:49,15:20:49,Present,99.0,-45.3,0.0,NO
2026-08-06 15:20:51,15:20:51,Present,99.0,-45.2,0.0,NO
2026-08-06 15:20:53,15:20:53,Present,98.5,-45.2,0.0,NO
2026-08-06 15:20:55,15:20:55,Present,99.0,-45.0,0.0,NO
2026-08-06 15:20:57,15:20:57,Present,98.6,-45.5,0.0,NO
2026-08-06 15:21:00,15:21:00,Present,97.8,-45.5,0.0,NO
2026-08-06 15:21:03,15:21:03,Present,88.0,-44.6,0.0,NO
2026-08-06 15:21:06,15:21:06,Present,94.2,-44.9,0.0,NO
2026-08-06 15:21:08,15:21:08,Present,99.0,-45.9,0.0,NO
2026-08-06 15:21:10,15:21:10,Present,88.0,-45.8,0.0,NO
2026-08-06 15:21:13,15:21:13,Present,96.4,-45.6,0.0,NO
2026-08-06 15:21:15,15:21:15,Present,88.0,-45.0,0.0,NO
2026-08-06 15:21:17,15:21:17,Present,88.0,-45.1,0.0,NO
2026-08-06 15:21:19,15:21:19,Present,97.2,-45.3,0.0,NO
2026-08-06 15:21:22,15:21:22,Present,96.8,-45.9,0.0,NO
2026-08-06 15:21:25,15:21:25,Present,89.8,-46.1,0.0,NO
2026-08-06 15:21:27,15:21:27,Present,99.0,-46.0,0.0,NO
2026-08-06 15:21:29,15:21:29,Present,99.0,-46.0,0.0,NO
2026-08-06 15:21:32,15:21:32,Present,88.0,-45.9,0.0,NO
2026-08-06 15:21:34,15:21:34,Present,97.1,-45.6,0.0,NO
2026-08-06 15:21:37,15:21:37,Present,99.0,-45.9,0.0,NO
2026-08-06 15:21:39,15:21:39,Present,99.0,-45.1,0.0,NO
2026-08-06 15:21:41,15:21:41,Present,94.4,-45.6,0.0,NO
2026-08-06 15:21:43,15:21:43,Present,88.0,-45.6,0.0,NO
2026-08-06 15:21:46,15:21:46,Present,99.0,-45.7,0.0,NO
2026-08-06 15:21:48,15:21:48,Present,94.6,-45.8,0.0,NO
2026-08-06 15:21:50,15:21:50,Present,88.0,-45.8,0.0,NO
2026-08-06 15:21:52,15:21:52,Present,99.0,-46.0,0.0,NO
2026-08-06 15:21:54,15:21:54,Present,99.0,-45.8,0.0,NO
2026-08-06 15:21:56,15:21:56,Present,96.0,-45.8,0.0,NO
2026-08-06 15:21:58,15:21:58,Present,95.1,-45.9,0.0,NO
2026-08-06 15:22:01,15:22:01,Present,89.1,-45.8,0.0,NO
2026-08-06 15:22:03,15:22:03,Present,88.0,-46.2,0.0,NO
2026-08-06 15:22:06,15:22:06,Present,88.0,-45.5,0.0,NO
2026-08-06 15:22:08,15:22:08,Present,97.1,-45.2,0.0,NO
2026-08-06 15:22:10,15:22:10,Present,96.5,-46.0,0.0,NO
2026-08-06 15:22:12,15:22:12,Present,91.8,-45.7,0.0,NO
2026-08-06 15:22:14,15:22:14,Present,98.2,-44.1,0.0,NO
2026-08-06 15:22:16,15:22:16,Present,99.0,-46.5,0.0,NO
2026-08-06 15:22:18,15:22:18,Present,99.0,-44.9,0.0,NO
2026-08-06 15:22:21,15:22:21,Present,99.0,-44.8,0.0,NO
2026-08-06 15:22:23,15:22:23,Present,99.0,-45.0,0.0,NO
2026-08-06 15:22:25,15:22:25,Present,97.9,-45.2,0.0,NO
2026-08-06 15:22:27,15:22:27,Present,91.7,-45.3,0.0,NO
2026-08-06 15:22:30,15:22:30,Present,96.9,-45.0,0.0,NO
2026-08-06 15:22:32,15:22:32,Present,96.3,-44.9,0.0,NO
2026-08-06 15:22:34,15:22:34,Present,97.7,-44.9,0.0,NO
2026-08-06 15:22:36,15:22:36,Present,99.0,-45.0,0.0,NO
2026-08-06 15:22:38,15:22:38,Present,96.7,-45.0,0.0,NO
2026-08-06 15:22:41,15:22:41,Present,96.8,-44.9,0.0,NO
2026-08-06 15:22:43,15:22:43,Present,96.1,-45.0,0.0,NO
2026-08-06 15:22:45,15:22:45,Present,88.0,-45.5,0.0,NO
2026-08-06 15:22:47,15:22:47,Present,88.0,-46.0,0.0,NO
2026-08-06 15:22:49,15:22:49,Present,88.0,-45.9,0.0,NO
2026-08-06 15:22:51,15:22:51,Present,88.0,-45.8,0.0,NO
2026-08-06 15:22:53,15:22:53,Present,88.0,-45.9,0.0,NO
2026-08-06 15:22:55,15:22:55,Present,88.0,-45.5,0.0,NO
2026-08-06 15:22:58,15:22:58,Present,97.5,-45.0,0.0,NO
2026-08-06 15:23:00,15:23:00,Present,98.4,-45.5,0.0,NO
2026-08-06 15:23:02,15:23:02,Present,99.0,-45.7,0.0,NO
2026-08-06 15:23:04,15:23:04,Present,99.0,-46.0,0.0,NO
2026-08-06 15:23:06,15:23:06,Present,99.0,-45.1,0.0,NO
2026-08-06 15:23:08,15:23:08,Present,98.7,-45.5,0.0,NO
2026-08-06 15:23:10,15:23:10,Present,90.3,-46.2,0.0,NO
2026-08-06 15:23:12,15:23:12,Present,88.0,-47.2,0.0,NO
2026-08-06 15:23:15,15:23:15,Present,88.0,-44.9,0.0,NO
2026-08-06 15:23:17,15:23:17,Present,88.0,-46.0,0.0,NO
2026-08-06 15:23:20,15:23:20,Present,88.0,-47.8,0.0,NO
2026-08-06 15:23:22,15:23:22,Present,88.0,-45.7,0.0,NO
2026-08-06 15:23:24,15:23:24,Present,96.9,-45.7,0.0,NO
2026-08-06 15:23:26,15:23:26,Present,94.5,-45.9,0.0,NO
2026-08-06 15:23:29,15:23:29,Present,98.9,-46.0,0.0,NO
2026-08-06 15:23:31,15:23:31,Present,96.4,-46.0,0.0,NO
2026-08-06 15:23:33,15:23:33,Present,98.5,-45.8,0.0,NO
2026-08-06 15:23:35,15:23:35,Present,89.9,-45.3,0.0,NO
2026-08-06 15:23:37,15:23:37,Present,88.0,-45.4,0.0,NO
2026-08-06 15:23:39,15:23:39,Present,88.0,-45.4,0.0,NO
2026-08-06 15:23:43,15:23:43,Present,94.3,-45.9,0.0,NO
2026-08-06 15:23:45,15:23:45,Present,91.7,-45.6,0.0,NO
2026-08-06 15:23:47,15:23:47,Present,88.0,-45.5,0.0,NO
2026-08-06 15:23:49,15:23:49,Present,88.0,-46.0,0.0,NO
2026-08-06 15:23:51,15:23:51,Present,88.0,-47.5,0.0,NO
2026-08-06 15:23:53,15:23:53,Present,88.0,-46.0,0.0,NO
2026-08-06 15:23:56,15:23:56,Present,88.0,-45.7,0.0,NO
2026-08-06 15:23:58,15:23:58,Present,88.0,-45.9,0.0,NO
2026-08-06 15:24:00,15:24:00,Present,88.0,-46.0,0.0,NO
2026-08-06 15:24:03,15:24:03,Present,88.0,-45.8,0.0,NO
2026-08-06 15:24:05,15:24:05,Present,99.0,-45.9,0.0,NO
2026-08-06 15:24:07,15:24:07,Present,93.6,-46.0,0.0,NO
2026-08-06 15:24:09,15:24:09,Present,88.0,-45.7,0.0,NO
2026-08-06 15:24:11,15:24:11,Present,88.0,-46.2,0.0,NO
2026-08-06 15:24:14,15:24:14,Present,88.0,-46.0,0.0,NO
2026-08-06 15:24:16,15:24:16,Present,88.0,-46.0,0.0,NO
2026-08-06 15:24:19,15:24:19,Present,88.0,-45.8,0.0,NO
2026-08-06 15:24:21,15:24:21,Present,88.0,-46.0,0.0,NO
2026-08-06 15:24:23,15:24:23,Present,90.1,-46.0,0.0,NO
2026-08-06 15:24:25,15:24:25,Present,88.0,-46.0,0.0,NO
2026-08-06 15:24:27,15:24:27,Present,88.0,-45.7,0.0,NO
2026-08-06 15:24:29,15:24:29,Present,88.0,-45.9,0.0,NO
2026-08-06 15:24:33,15:24:33,Present,98.3,-45.9,0.0,NO
2026-08-06 15:24:35,15:24:35,Present,99.0,-46.0,0.0,NO
2026-08-06 15:24:38,15:24:38,Present,88.0,-45.9,0.0,NO
2026-08-06 15:24:40,15:24:40,Present,94.6,-45.4,0.0,NO
2026-08-06 15:24:42,15:24:42,Present,98.9,-45.7,0.0,NO
2026-08-06 15:24:45,15:24:45,Present,95.3,-46.0,0.0,NO
2026-08-06 15:24:47,15:24:47,Present,92.1,-45.8,0.0,NO
2026-08-06 15:24:49,15:24:49,Present,88.0,-45.7,0.0,NO
2026-08-06 15:24:51,15:24:51,Present,88.0,-46.1,0.0,NO
2026-08-06 15:24:53,15:24:53,Present,88.0,-45.9,0.0,NO
2026-08-06 15:24:55,15:24:55,Present,88.0,-45.4,0.0,NO
2026-08-06 15:24:57,15:24:57,Present,88.0,-45.4,0.0,NO
2026-08-06 15:24:59,15:24:59,Present,88.0,-45.1,0.0,NO
2026-08-06 15:25:01,15:25:01,Present,88.0,-46.0,0.0,NO
2026-08-06 15:25:05,15:25:05,Present,88.0,-46.0,0.0,NO
2026-08-06 15:25:07,15:25:07,Present,88.0,-46.2,0.0,NO
2026-08-06 15:25:09,15:25:09,Present,88.9,-46.0,0.0,NO
2026-08-06 15:25:12,15:25:12,Present,88.0,-46.2,0.0,NO
2026-08-06 15:25:14,15:25:14,Present,88.0,-47.0,0.0,NO
2026-08-06 15:25:17,15:25:17,Present,88.0,-47.1,0.0,NO
2026-08-06 15:25:19,15:25:19,Present,88.0,-46.9,0.0,NO
2026-08-06 15:25:21,15:25:21,Present,88.0,-46.9,0.0,NO
2026-08-06 15:25:24,15:25:24,Present,99.0,-46.9,0.0,NO
2026-08-06 15:25:27,15:25:27,Present,97.6,-47.2,0.0,NO
2026-08-06 15:25:29,15:25:29,Present,88.0,-47.0,0.0,NO
2026-08-06 15:25:31,15:25:31,Present,88.0,-46.9,0.0,NO
2026-08-06 15:25:34,15:25:34,Present,88.0,-47.0,0.0,NO
2026-08-06 15:25:37,15:25:37,Present,88.0,-46.9,0.0,NO
2026-08-06 15:25:39,15:25:39,Present,88.0,-47.0,0.0,NO
2026-08-06 15:25:41,15:25:41,Present,95.7,-47.0,0.0,NO
2026-08-06 15:25:43,15:25:43,Present,88.0,-47.1,0.0,NO
2026-08-06 15:25:45,15:25:45,Present,88.0,-46.9,0.0,NO
2026-08-06 15:25:48,15:25:48,Present,89.0,-46.7,0.0,NO
2026-08-06 15:25:50,15:25:50,Present,88.0,-46.6,0.0,NO
2026-08-06 15:25:52,15:25:52,Present,99.0,-46.8,0.0,NO
2026-08-06 15:25:54,15:25:54,Present,97.9,-46.7,0.0,NO
2026-08-06 15:25:56,15:25:56,Present,99.0,-47.0,0.0,NO
2026-08-06 15:25:58,15:25:58,Present,99.0,-46.8,0.0,NO
2026-08-06 15:26:00,15:26:00,Present,88.0,-47.0,0.0,NO
2026-08-06 15:26:02,15:26:02,Present,88.0,-47.0,0.0,NO
2026-08-06 15:26:05,15:26:05,Present,89.9,-47.0,0.0,NO
2026-08-06 15:26:07,15:26:07,Present,88.0,-46.9,0.0,NO
2026-08-06 15:26:09,15:26:09,Present,94.0,-47.0,0.0,NO
2026-08-06 15:26:11,15:26:11,Present,88.0,-47.0,0.0,NO
2026-08-06 15:26:13,15:26:13,Present,88.0,-46.9,0.0,NO
2026-08-06 15:26:15,15:26:15,Present,88.0,-47.0,0.0,NO
2026-08-06 15:26:18,15:26:18,Present,98.4,-46.8,0.0,NO
2026-08-06 15:26:21,15:26:21,Present,92.1,-47.0,0.0,NO
2026-08-06 15:26:24,15:26:24,Present,88.0,-46.9,0.0,NO
2026-08-06 15:26:26,15:26:26,Present,88.0,-46.9,0.0,NO
2026-08-06 15:26:28,15:26:28,Present,88.0,-46.8,0.0,NO
2026-08-06 15:26:30,15:26:30,Present,88.0,-47.0,0.0,NO
2026-08-06 15:26:33,15:26:33,Present,88.0,-46.9,0.0,NO
2026-08-06 15:26:35,15:26:35,Present,88.0,-47.0,0.0,NO
2026-08-06 15:26:37,15:26:37,Present,88.0,-46.4,0.0,NO
2026-08-06 15:26:39,15:26:39,Present,88.0,-46.8,0.0,NO
2026-08-06 15:26:41,15:26:41,Present,88.0,-46.8,0.0,NO
2026-08-06 15:26:43,15:26:43,Present,88.0,-47.3,0.0,NO
2026-08-06 15:26:45,15:26:45,Present,91.5,-46.5,0.0,NO
2026-08-06 15:26:48,15:26:48,Present,88.0,-46.0,0.0,NO
2026-08-06 15:26:51,15:26:51,Present,88.0,-46.0,0.0,NO
2026-08-06 15:26:53,15:26:53,Present,88.0,-46.1,0.0,NO
2026-08-06 15:26:55,15:26:55,Present,88.0,-50.9,0.0,NO
2026-08-06 15:26:57,15:26:57,Present,92.0,-49.0,0.0,NO
2026-08-06 15:26:59,15:26:59,Present,88.0,-47.4,0.0,NO
2026-08-06 15:27:02,15:27:02,Present,88.0,-50.6,0.0,NO
2026-08-06 15:27:04,15:27:04,Present,92.7,-48.1,0.0,NO
2026-08-06 15:27:06,15:27:06,Present,88.0,-48.5,0.0,NO
2026-08-06 15:27:08,15:27:08,Present,88.0,-46.5,0.0,NO
2026-08-06 15:27:10,15:27:10,Present,88.0,-47.0,0.0,NO
2026-08-06 15:27:13,15:27:13,Present,88.0,-46.8,0.0,NO
2026-08-06 15:27:15,15:27:15,Present,88.0,-46.8,0.0,NO
2026-08-06 15:27:17,15:27:17,Present,88.0,-46.9,0.0,NO
2026-08-06 15:27:19,15:27:19,Present,88.0,-47.2,0.0,NO
2026-08-06 15:27:21,15:27:21,Present,88.0,-45.8,0.0,NO
2026-08-06 15:27:23,15:27:23,Present,88.0,-46.1,0.0,NO
2026-08-06 15:27:25,15:27:25,Present,88.0,-46.1,0.0,NO
2026-08-06 15:27:28,15:27:28,Present,95.2,-46.1,0.0,NO
2026-08-06 15:27:30,15:27:30,Present,88.0,-45.2,0.0,NO
2026-08-06 15:27:32,15:27:32,Present,88.0,-45.5,0.0,NO
2026-08-06 15:27:34,15:27:34,Present,88.0,-46.3,0.0,NO
2026-08-06 15:27:36,15:27:36,Present,88.0,-48.8,0.0,NO
2026-08-06 15:27:38,15:27:38,Present,88.0,-46.4,0.0,NO
2026-08-06 15:27:40,15:27:40,Present,88.0,-47.0,0.0,NO
2026-08-06 15:27:42,15:27:42,Present,88.0,-46.5,0.0,NO
2026-08-06 15:27:44,15:27:44,Present,88.0,-48.2,0.0,NO
2026-08-06 15:27:47,15:27:47,Present,88.0,-47.0,0.0,NO
2026-08-06 15:27:49,15:27:49,Present,88.0,-47.0,0.0,NO
2026-08-06 15:27:51,15:27:51,Present,88.0,-47.1,0.0,NO
2026-08-06 15:27:53,15:27:53,Present,97.9,-47.1,0.0,NO
2026-08-06 15:27:55,15:27:55,Present,99.0,-47.1,0.0,NO
2026-08-06 15:27:57,15:27:57,Present,93.8,-47.0,0.0,NO
2026-08-06 15:27:59,15:27:59,Present,88.0,-47.9,0.0,NO
2026-08-06 15:28:01,15:28:01,Present,88.0,-48.3,0.0,NO
2026-08-06 15:28:03,15:28:03,Present,88.0,-47.5,0.0,NO
2026-08-06 15:28:05,15:28:05,Present,88.0,-46.7,0.0,NO
2026-08-06 15:28:08,15:28:08,Present,88.0,-47.4,0.0,NO
2026-08-06 15:28:10,15:28:10,Present,88.0,-47.2,0.0,NO
2026-08-06 15:28:12,15:28:12,Present,88.0,-47.7,0.0,NO
2026-08-06 15:28:14,15:28:14,Present,88.0,-47.1,0.0,NO
2026-08-06 15:28:16,15:28:16,Present,88.0,-47.1,0.0,NO
2026-08-06 15:28:18,15:28:18,Present,88.0,-47.0,0.0,NO
2026-08-06 15:28:20,15:28:20,Present,98.7,-47.0,0.0,NO
2026-08-06 15:28:23,15:28:23,Present,88.0,-47.5,0.0,NO
2026-08-06 15:28:25,15:28:25,Present,88.0,-47.4,0.0,NO
2026-08-06 15:28:27,15:28:27,Present,88.9,-47.1,0.0,NO
2026-08-06 15:28:29,15:28:29,Present,94.0,-47.0,0.0,NO
2026-08-06 15:28:31,15:28:31,Present,97.1,-47.0,0.0,NO
2026-08-06 15:28:33,15:28:33,Present,99.0,-46.6,0.0,NO
2026-08-06 15:28:35,15:28:35,Present,99.0,-46.4,0.0,NO
2026-08-06 15:28:37,15:28:37,Present,99.0,-46.9,0.0,NO
2026-08-06 15:28:39,15:28:39,Present,99.0,-47.1,0.0,NO
2026-08-06 15:28:42,15:28:42,Present,99.0,-46.5,0.0,NO
2026-08-06 15:28:44,15:28:44,Present,89.8,-46.0,0.0,NO
2026-08-06 15:28:46,15:28:46,Present,88.0,-46.3,0.0,NO
2026-08-06 15:28:48,15:28:48,Present,88.0,-46.4,0.0,NO
2026-08-06 15:28:50,15:28:50,Present,88.0,-46.0,0.0,NO
2026-08-06 15:28:52,15:28:52,Present,95.2,-46.0,0.0,NO
2026-08-06 15:28:54,15:28:54,Present,95.3,-46.0,0.0,NO
2026-08-06 15:28:56,15:28:56,Present,98.0,-46.1,0.0,NO
2026-08-06 15:28:58,15:28:58,Present,99.0,-45.9,0.0,NO
2026-08-06 15:29:01,15:29:01,Present,99.0,-46.3,0.0,NO
2026-08-06 15:29:04,15:29:04,Present,99.0,-45.9,0.0,NO
2026-08-06 15:29:06,15:29:06,Present,97.4,-47.0,0.0,NO
2026-08-06 15:29:09,15:29:09,Present,97.0,-45.8,0.0,NO
2026-08-06 15:29:11,15:29:11,Present,88.8,-46.7,0.0,NO
2026-08-06 15:29:13,15:29:13,Present,88.0,-45.6,0.0,NO
2026-08-06 15:29:15,15:29:15,Present,88.0,-46.3,0.0,NO
2026-08-06 15:29:17,15:29:17,Present,88.0,-46.0,0.0,NO
2026-08-06 15:29:19,15:29:19,Present,88.0,-45.6,0.0,NO
2026-08-06 15:29:21,15:29:21,Present,88.0,-46.2,0.0,NO
2026-08-06 15:29:23,15:29:23,Present,88.0,-46.4,0.0,NO
2026-08-06 15:29:25,15:29:25,Present,88.0,-46.5,0.0,NO
2026-08-06 15:29:28,15:29:28,Present,88.0,-46.1,0.0,NO
2026-08-06 15:29:30,15:29:30,Present,97.0,-46.2,0.0,NO
2026-08-06 15:29:32,15:29:32,Present,99.0,-45.3,0.0,NO
2026-08-06 15:29:35,15:29:35,Present,99.0,-46.0,0.0,NO
2026-08-06 15:29:37,15:29:37,Present,99.0,-46.6,0.0,NO
2026-08-06 15:29:39,15:29:39,Present,99.0,-45.2,0.0,NO
2026-08-06 15:29:41,15:29:41,Present,99.0,-45.1,0.0,NO
2026-08-06 15:29:43,15:29:43,Present,97.7,-45.2,0.0,NO
2026-08-06 15:29:46,15:29:46,Present,97.8,-45.4,0.0,NO
2026-08-06 15:29:49,15:29:49,Present,98.4,-45.1,0.0,NO
2026-08-06 15:29:51,15:29:51,Present,92.9,-45.2,0.0,NO
2026-08-06 15:29:53,15:29:53,Present,88.0,-45.2,0.0,NO
2026-08-06 15:29:55,15:29:55,Present,88.0,-45.1,0.0,NO
2026-08-06 15:29:57,15:29:57,Present,98.1,-45.0,0.0,NO
2026-08-06 15:29:59,15:29:59,Present,92.2,-45.0,0.0,NO
2026-08-06 15:30:02,15:30:02,Present,97.6,-45.1,0.0,NO
2026-08-06 15:30:04,15:30:04,Present,96.8,-45.0,0.0,NO
2026-08-06 15:30:06,15:30:06,Present,98.4,-45.1,0.0,NO
2026-08-06 15:30:08,15:30:08,Present,98.7,-44.7,0.0,NO
2026-08-06 15:30:11,15:30:11,Present,98.5,-45.2,0.0,NO
2026-08-06 15:30:13,15:30:13,Present,88.0,-45.2,0.0,NO
2026-08-06 15:30:15,15:30:15,Present,91.5,-44.7,0.0,NO
2026-08-06 15:30:17,15:30:17,Present,88.0,-45.1,0.0,NO
2026-08-06 15:30:19,15:30:19,Present,88.0,-45.0,0.0,NO
2026-08-06 15:30:22,15:30:22,Present,88.0,-45.1,0.0,NO
2026-08-06 15:30:25,15:30:25,Present,88.0,-44.9,0.0,NO
2026-08-06 15:30:27,15:30:27,Present,98.8,-45.2,0.0,NO
2026-08-06 15:30:30,15:30:30,Present,99.0,-45.8,0.0,NO
2026-08-06 15:30:33,15:30:33,Present,99.0,-45.7,0.0,NO
2026-08-06 15:30:35,15:30:35,Present,97.2,-45.2,0.0,NO
2026-08-06 15:30:37,15:30:37,Present,94.8,-44.7,0.0,NO
2026-08-06 15:30:39,15:30:39,Present,88.0,-45.9,0.0,NO
2026-08-06 15:30:42,15:30:42,Present,88.0,-45.0,0.0,NO
2026-08-06 15:30:44,15:30:44,Present,98.1,-45.0,0.0,NO
2026-08-06 15:30:46,15:30:46,Present,95.6,-45.0,0.0,NO
2026-08-06 15:30:48,15:30:48,Present,88.0,-45.0,0.0,NO
2026-08-06 15:30:50,15:30:50,Present,88.0,-45.0,0.0,NO
2026-08-06 15:30:53,15:30:53,Present,92.2,-44.8,0.0,NO
2026-08-06 15:30:56,15:30:56,Present,88.0,-45.5,0.0,NO
2026-08-06 15:30:58,15:30:58,Present,88.0,-45.6,0.0,NO
2026-08-06 15:31:02,15:31:02,Present,88.0,-45.5,0.0,NO
2026-08-06 15:31:04,15:31:04,Present,88.0,-44.8,0.0,NO
2026-08-06 15:31:07,15:31:07,Present,99.0,-44.8,0.0,NO
2026-08-06 15:31:10,15:31:10,Present,88.0,-44.9,0.0,NO
2026-08-06 15:31:12,15:31:12,Present,88.0,-46.5,0.0,NO
2026-08-06 15:31:15,15:31:15,Present,96.5,-48.8,0.0,NO
2026-08-06 15:31:17,15:31:17,Present,94.2,-45.5,0.0,NO
2026-08-06 15:31:20,15:31:20,Present,88.0,-45.6,0.0,NO
2026-08-06 15:31:23,15:31:23,Present,88.0,-45.5,0.0,NO
2026-08-06 15:31:25,15:31:25,Present,93.7,-46.9,0.0,NO
2026-08-06 15:31:27,15:31:27,Present,99.0,-46.5,0.0,NO
2026-08-06 15:31:29,15:31:29,Present,90.9,-48.1,0.0,NO
2026-08-06 15:31:31,15:31:31,Present,88.0,-45.8,0.0,NO
2026-08-06 15:31:33,15:31:33,Present,99.0,-45.0,0.0,NO
2026-08-06 15:31:38,15:31:38,Present,99.0,-45.0,0.0,NO
2026-08-06 15:31:40,15:31:40,Present,99.0,-45.5,0.0,NO
2026-08-06 15:31:42,15:31:42,Present,99.0,-45.4,0.0,NO
2026-08-06 15:31:45,15:31:45,Present,99.0,-45.2,0.0,NO
2026-08-06 15:31:47,15:31:47,Present,91.7,-44.9,0.0,NO
2026-08-06 15:31:49,15:31:49,Present,92.4,-44.5,0.0,NO
2026-08-06 15:31:52,15:31:52,Present,99.0,-45.1,0.0,NO
2026-08-06 15:31:54,15:31:54,Present,99.0,-45.3,0.0,NO
2026-08-06 15:31:56,15:31:56,Present,99.0,-45.6,0.0,NO
2026-08-06 15:31:58,15:31:58,Present,97.5,-45.3,0.0,NO
2026-08-06 15:32:00,15:32:00,Present,98.3,-45.5,0.0,NO
2026-08-06 15:32:02,15:32:02,Present,99.0,-45.5,0.0,NO
2026-08-06 15:32:06,15:32:06,Present,99.0,-45.2,0.0,NO
2026-08-06 15:32:09,15:32:09,Present,99.0,-45.8,0.0,NO
2026-08-06 15:32:11,15:32:11,Present,99.0,-45.1,0.0,NO
2026-08-06 15:32:13,15:32:13,Present,99.0,-45.0,0.0,NO
2026-08-06 15:32:16,15:32:16,Present,99.0,-45.0,0.0,NO
2026-08-06 15:32:18,15:32:18,Present,99.0,-45.0,0.0,NO
2026-08-06 15:32:20,15:32:20,Present,92.1,-45.8,0.0,NO
2026-08-06 15:32:22,15:32:22,Present,88.0,-46.0,0.0,NO
2026-08-06 15:32:25,15:32:25,Present,88.0,-45.7,0.0,NO
2026-08-06 15:32:27,15:32:27,Present,99.0,-46.0,0.0,NO
2026-08-06 15:32:29,15:32:29,Present,99.0,-45.8,0.0,NO
2026-08-06 15:32:31,15:32:31,Present,99.0,-45.8,0.0,NO
2026-08-06 15:32:33,15:32:33,Present,95.0,-45.7,0.0,NO
2026-08-06 15:32:35,15:32:35,Present,99.0,-45.8,0.0,NO
2026-08-06 15:32:37,15:32:37,Present,90.1,-45.7,0.0,NO
2026-08-06 15:32:40,15:32:40,Present,96.0,-45.1,0.0,NO
2026-08-06 15:32:42,15:32:42,Present,99.0,-45.8,0.0,NO
2026-08-06 15:32:44,15:32:44,Present,99.0,-45.2,0.0,NO
2026-08-06 15:32:46,15:32:46,Present,99.0,-45.3,0.0,NO
2026-08-06 15:32:49,15:32:49,Present,99.0,-45.1,0.0,NO
2026-08-06 15:32:51,15:32:51,Present,99.0,-45.9,0.0,NO
2026-08-06 15:32:53,15:32:53,Present,99.0,-46.0,0.0,NO
2026-08-06 15:32:55,15:32:55,Present,99.0,-45.9,0.0,NO
2026-08-06 15:32:57,15:32:57,Present,99.0,-46.0,0.0,NO
2026-08-06 15:32:59,15:32:59,Present,99.0,-45.5,0.0,NO
2026-08-06 15:33:01,15:33:01,Present,99.0,-45.3,0.0,NO
2026-08-06 15:33:03,15:33:03,Present,99.0,-46.1,0.0,NO
2026-08-06 15:33:07,15:33:07,Present,98.7,-47.0,0.0,NO
2026-08-06 15:33:09,15:33:09,Present,99.0,-46.7,0.0,NO
2026-08-06 15:33:11,15:33:11,Present,88.0,-45.6,0.0,NO
2026-08-06 15:33:14,15:33:14,Present,88.0,-45.5,0.0,NO
2026-08-06 15:33:16,15:33:16,Present,99.0,-45.2,0.0,NO
2026-08-06 15:33:19,15:33:19,Present,99.0,-45.3,0.0,NO
2026-08-06 15:33:22,15:33:22,Present,99.0,-44.4,0.0,NO
2026-08-06 15:33:24,15:33:24,Present,96.9,-44.0,0.0,NO
2026-08-06 15:33:26,15:33:26,Present,99.0,-45.7,0.0,NO
2026-08-06 15:33:28,15:33:28,Present,99.0,-45.0,0.0,NO
2026-08-06 15:33:31,15:33:31,Present,99.0,-44.8,0.0,NO
2026-08-06 15:33:33,15:33:33,Present,99.0,-44.6,0.0,NO
2026-08-06 15:33:35,15:33:35,Present,99.0,-44.6,0.0,NO
2026-08-06 15:33:38,15:33:38,Present,99.0,-45.7,0.0,NO
2026-08-06 15:33:42,15:33:42,Present,99.0,-45.0,0.0,NO
2026-08-06 15:33:44,15:33:44,Present,99.0,-44.1,0.0,NO
2026-08-06 15:33:46,15:33:46,Present,99.0,-44.8,0.0,NO
2026-08-06 15:33:48,15:33:48,Present,91.1,-44.7,0.0,NO
2026-08-06 15:33:50,15:33:50,Present,88.0,-44.4,0.0,NO
2026-08-06 15:33:52,15:33:52,Present,98.2,-43.6,0.0,NO
2026-08-06 15:33:54,15:33:54,Present,99.0,-45.3,0.0,NO
2026-08-06 15:33:57,15:33:57,Present,99.0,-45.2,0.0,NO
2026-08-06 15:33:59,15:33:59,Present,99.0,-43.7,0.0,NO
2026-08-06 15:34:01,15:34:01,Present,99.0,-44.2,0.0,NO
2026-08-06 15:34:04,15:34:04,Present,99.0,-45.6,0.0,NO
2026-08-06 15:34:06,15:34:06,Present,99.0,-45.9,0.0,NO
2026-08-06 15:34:08,15:34:08,Present,88.0,-45.9,0.0,NO
2026-08-06 15:34:10,15:34:10,Present,88.0,-46.7,0.0,NO
2026-08-06 15:34:13,15:34:13,Present,88.0,-46.0,0.0,NO
2026-08-06 15:34:15,15:34:15,Present,88.0,-45.6,0.0,NO
2026-08-06 15:34:17,15:34:17,Present,99.0,-44.7,0.0,NO
2026-08-06 15:34:19,15:34:19,Present,97.6,-46.0,0.0,NO
2026-08-06 15:34:21,15:34:21,Present,99.0,-44.5,0.0,NO
2026-08-06 15:34:23,15:34:23,Present,99.0,-44.5,0.0,NO
2026-08-06 15:34:26,15:34:26,Present,99.0,-45.6,0.0,NO
2026-08-06 15:34:30,15:34:30,Present,88.0,-45.2,0.0,NO
2026-08-06 15:34:32,15:34:32,Present,88.0,-45.1,0.0,NO
2026-08-06 15:34:34,15:34:34,Present,88.0,-45.3,0.0,NO
2026-08-06 15:34:36,15:34:36,Present,88.0,-46.0,0.0,NO
2026-08-06 15:34:40,15:34:40,Present,88.0,-45.5,0.0,NO
2026-08-06 15:34:42,15:34:42,Present,88.0,-44.8,0.0,NO
2026-08-06 15:34:44,15:34:44,Present,97.5,-45.0,0.0,NO
2026-08-06 15:34:47,15:34:47,Present,99.0,-46.9,0.0,NO
2026-08-06 15:34:49,15:34:49,Present,99.0,-45.6,0.0,NO
2026-08-06 15:34:51,15:34:51,Present,97.6,-45.8,0.0,NO
2026-08-06 15:34:53,15:34:53,Present,98.5,-45.4,0.0,NO
2026-08-06 15:34:56,15:34:56,Present,99.0,-45.3,0.0,NO
2026-08-06 15:34:58,15:34:58,Present,96.5,-45.0,0.0,NO
2026-08-06 15:35:00,15:35:00,Present,92.8,-45.8,0.0,NO
2026-08-06 15:35:02,15:35:02,Present,90.5,-45.2,0.0,NO
2026-08-06 15:35:04,15:35:04,Present,95.1,-45.8,0.0,NO
2026-08-06 15:35:06,15:35:06,Present,97.1,-46.0,0.0,NO
2026-08-06 15:35:08,15:35:08,Present,97.5,-45.4,0.0,NO
2026-08-06 15:35:11,15:35:11,Present,88.0,-45.5,0.0,NO
2026-08-06 15:35:13,15:35:13,Present,88.0,-43.6,0.0,NO
2026-08-06 15:35:15,15:35:15,Present,88.0,-45.0,0.0,NO
2026-08-06 15:35:17,15:35:17,Present,88.0,-46.0,0.0,NO
2026-08-06 15:35:19,15:35:19,Present,88.0,-45.6,0.0,NO
2026-08-06 15:35:21,15:35:21,Present,88.0,-44.9,0.0,NO
2026-08-06 15:35:23,15:35:23,Present,89.9,-46.1,0.0,NO
2026-08-06 15:35:26,15:35:26,Present,88.0,-45.6,0.0,NO
2026-08-06 15:35:29,15:35:29,Present,99.0,-44.0,0.0,NO
2026-08-06 15:35:33,15:35:33,Present,88.0,-44.7,0.0,NO
2026-08-06 15:35:35,15:35:35,Present,88.0,-46.3,0.0,NO
2026-08-06 15:35:37,15:35:37,Present,88.0,-47.3,0.0,NO
2026-08-06 15:35:39,15:35:39,Present,88.0,-47.7,0.0,NO
2026-08-06 15:35:41,15:35:41,Present,98.7,-45.7,0.0,NO
2026-08-06 15:35:44,15:35:44,Present,99.0,-44.8,0.0,NO
2026-08-06 15:35:46,15:35:46,Present,88.0,-45.1,0.0,NO
2026-08-06 15:35:48,15:35:48,Present,88.0,-44.8,0.0,NO
2026-08-06 15:35:50,15:35:50,Present,88.0,-46.4,0.0,NO
2026-08-06 15:35:52,15:35:52,Present,88.0,-45.8,0.0,NO
2026-08-06 15:35:55,15:35:55,Present,98.7,-45.9,0.0,NO
2026-08-06 15:35:57,15:35:57,Present,88.0,-45.9,0.0,NO
2026-08-06 15:35:59,15:35:59,Present,96.5,-44.4,0.0,NO
2026-08-06 15:36:02,15:36:02,Present,99.0,-45.4,0.0,NO
2026-08-06 15:36:04,15:36:04,Present,98.3,-48.4,0.0,NO
2026-08-06 15:36:06,15:36:06,Present,99.0,-46.0,0.0,NO
2026-08-06 15:36:10,15:36:10,Present,99.0,-45.5,0.0,NO
2026-08-06 15:36:12,15:36:12,Present,88.0,-44.5,0.0,NO
2026-08-06 15:36:16,15:36:16,Present,88.0,-44.3,0.0,NO
2026-08-06 15:36:18,15:36:18,Present,88.0,-43.3,0.0,NO
2026-08-06 15:36:21,15:36:21,Present,88.0,-44.4,0.0,NO
2026-08-06 15:36:23,15:36:23,Present,95.2,-43.5,0.0,NO
2026-08-06 15:36:25,15:36:25,Present,88.0,-44.4,0.0,NO
2026-08-06 15:36:27,15:36:27,Present,88.0,-44.1,0.0,NO
2026-08-06 15:36:30,15:36:30,Present,88.0,-43.7,0.0,NO
2026-08-06 15:36:32,15:36:32,Present,88.0,-43.7,0.0,NO
2026-08-06 15:36:34,15:36:34,Present,93.1,-44.1,0.0,NO
2026-08-06 15:36:36,15:36:36,Present,88.0,-43.4,0.0,NO
2026-08-06 15:36:38,15:36:38,Present,88.0,-43.4,0.0,NO
2026-08-06 15:36:41,15:36:41,Present,88.0,-44.0,0.0,NO
2026-08-06 15:36:43,15:36:43,Present,88.0,-44.5,0.0,NO
2026-08-06 15:36:45,15:36:45,Present,99.0,-44.8,0.0,NO
2026-08-06 15:36:48,15:36:48,Present,99.0,-45.1,0.0,NO
2026-08-06 15:36:51,15:36:51,Present,99.0,-44.1,0.0,NO
2026-08-06 15:36:53,15:36:53,Present,88.0,-45.0,0.0,NO
2026-08-06 15:36:56,15:36:56,Present,88.0,-45.3,0.0,NO
2026-08-06 15:36:58,15:36:58,Present,88.0,-44.7,0.0,NO
2026-08-06 15:37:00,15:37:00,Present,88.0,-45.4,0.0,NO
2026-08-06 15:37:03,15:37:03,Present,88.0,-44.9,0.0,NO
2026-08-06 15:37:05,15:37:05,Present,88.0,-45.1,0.0,NO
2026-08-06 15:37:08,15:37:08,Present,88.0,-45.7,0.0,NO
2026-08-06 15:37:10,15:37:10,Present,88.0,-44.7,0.0,NO
2026-08-06 15:37:13,15:37:13,Present,99.0,-45.2,0.0,NO
2026-08-06 15:37:15,15:37:15,Present,99.0,-45.5,0.0,NO
2026-08-06 15:37:19,15:37:19,Present,88.0,-45.1,0.0,NO
2026-08-06 15:37:22,15:37:22,Present,88.0,-45.2,0.0,NO
2026-08-06 15:37:24,15:37:24,Present,94.0,-45.8,0.0,NO
2026-08-06 15:37:26,15:37:26,Present,88.0,-47.9,0.0,NO
2026-08-06 15:37:28,15:37:28,Present,88.0,-45.6,0.0,NO
2026-08-06 15:37:31,15:37:31,Present,88.0,-45.2,0.0,NO
2026-08-06 15:37:33,15:37:33,Present,97.3,-44.1,0.0,NO
2026-08-06 15:37:35,15:37:35,Present,99.0,-44.1,0.0,NO
2026-08-06 15:37:37,15:37:37,Present,89.2,-44.7,0.0,NO
2026-08-06 15:37:40,15:37:40,Present,98.8,-45.0,0.0,NO
2026-08-06 15:37:42,15:37:42,Present,93.1,-44.6,0.0,NO
2026-08-06 15:37:44,15:37:44,Present,96.7,-45.7,0.0,NO
2026-08-06 15:37:46,15:37:46,Present,88.0,-46.0,0.0,NO
2026-08-06 15:37:48,15:37:48,Present,88.0,-45.3,0.0,NO
2026-08-06 15:37:52,15:37:52,Present,95.2,-45.3,0.0,NO
2026-08-06 15:37:54,15:37:54,Present,88.0,-46.1,0.0,NO
2026-08-06 15:37:57,15:37:57,Present,88.0,-46.0,0.0,NO
2026-08-06 15:37:59,15:37:59,Present,88.0,-45.4,0.0,NO
2026-08-06 15:38:01,15:38:01,Present,88.0,-45.1,0.0,NO
2026-08-06 15:38:04,15:38:04,Present,88.0,-45.8,0.0,NO
2026-08-06 15:38:06,15:38:06,Present,88.0,-46.6,0.0,NO
2026-08-06 15:38:08,15:38:08,Present,88.0,-45.8,0.0,NO
2026-08-06 15:38:12,15:38:12,Present,88.0,-44.9,0.0,NO
2026-08-06 15:38:14,15:38:14,Present,88.0,-45.9,0.0,NO
2026-08-06 15:38:16,15:38:16,Present,94.6,-45.1,0.0,NO
2026-08-06 15:38:18,15:38:18,Present,97.0,-46.2,0.0,NO
2026-08-06 15:38:20,15:38:20,Present,96.5,-46.0,0.0,NO
2026-08-06 15:38:22,15:38:22,Present,88.0,-45.3,0.0,NO
2026-08-06 15:38:41,15:38:41,Present,88.0,-45.8,0.0,NO
2026-08-06 15:38:44,15:38:44,Present,88.0,-46.6,0.0,NO
2026-08-06 15:38:47,15:38:47,Present,99.0,-46.9,0.0,NO
2026-08-06 15:38:50,15:38:50,Present,88.0,-46.0,0.0,NO
2026-08-06 15:38:52,15:38:52,Present,91.6,-46.1,0.0,NO
2026-08-06 15:38:54,15:38:54,Present,88.0,-46.2,0.0,NO
2026-08-06 15:38:56,15:38:56,Present,94.7,-46.5,0.0,NO
2026-08-06 15:38:58,15:38:58,Present,88.0,-46.0,0.0,NO
2026-08-06 15:39:00,15:39:00,Present,88.0,-45.9,0.0,NO
2026-08-06 15:39:02,15:39:02,Present,88.0,-45.4,0.0,NO
2026-08-06 15:39:05,15:39:05,Present,88.0,-45.9,0.0,NO
2026-08-06 15:39:07,15:39:07,Present,88.0,-46.3,0.0,NO
2026-08-06 15:39:09,15:39:09,Present,88.0,-45.8,0.0,NO
2026-08-06 15:39:11,15:39:11,Present,88.0,-46.3,0.0,NO
2026-08-06 15:39:13,15:39:13,Present,91.7,-46.3,0.0,NO
2026-08-06 15:39:16,15:39:16,Present,88.0,-47.7,0.0,NO
2026-08-06 15:39:18,15:39:18,Present,92.2,-46.4,0.0,NO
2026-08-06 15:39:20,15:39:20,Present,88.0,-46.5,0.0,NO
2026-08-06 15:39:22,15:39:22,Present,95.8,-47.5,0.0,NO
2026-08-06 15:39:25,15:39:25,Present,95.2,-46.7,0.0,NO
2026-08-06 15:39:27,15:39:27,Present,88.0,-47.5,0.0,NO
2026-08-06 15:39:29,15:39:29,Present,88.0,-46.5,0.0,NO
2026-08-06 15:39:31,15:39:31,Present,88.0,-45.8,0.0,NO
2026-08-06 15:39:33,15:39:33,Present,88.0,-46.7,0.0,NO
2026-08-06 15:39:35,15:39:35,Present,88.0,-45.5,0.0,NO
2026-08-06 15:39:37,15:39:37,Present,88.0,-45.8,0.0,NO
2026-08-06 15:39:39,15:39:39,Present,88.0,-45.0,0.0,NO
2026-08-06 15:39:42,15:39:42,Present,88.0,-45.1,0.0,NO
2026-08-06 15:39:44,15:39:44,Present,88.0,-46.2,0.0,NO
2026-08-06 15:39:46,15:39:46,Present,88.0,-46.7,0.0,NO
2026-08-06 15:39:48,15:39:48,Present,98.6,-46.8,0.0,NO
2026-08-06 15:39:50,15:39:50,Present,88.0,-47.3,0.0,NO
2026-08-06 15:39:52,15:39:52,Present,88.0,-46.3,0.0,NO
2026-08-06 15:39:54,15:39:54,Present,88.0,-46.0,0.0,NO
2026-08-06 15:39:56,15:39:56,Present,97.7,-47.1,0.0,NO
2026-08-06 15:40:00,15:40:00,Present,93.6,-47.3,0.0,NO
2026-08-06 15:40:02,15:40:02,Present,88.0,-47.7,0.0,NO
2026-08-06 15:40:05,15:40:05,Present,88.0,-45.6,0.0,NO
2026-08-06 15:40:07,15:40:07,Present,88.0,-46.5,0.0,NO
2026-08-06 15:40:10,15:40:10,Present,88.0,-46.3,0.0,NO
2026-08-06 15:40:12,15:40:12,Present,88.0,-46.1,0.0,NO
2026-08-06 15:40:14,15:40:14,Present,88.0,-45.8,0.0,NO
2026-08-06 15:40:16,15:40:16,Present,88.0,-45.6,0.0,NO
2026-08-06 15:40:18,15:40:18,Present,94.7,-45.4,0.0,NO
2026-08-06 15:40:21,15:40:21,Present,96.0,-45.7,0.0,NO
2026-08-06 15:40:23,15:40:23,Present,88.0,-46.1,0.0,NO
2026-08-06 15:40:25,15:40:25,Present,88.0,-45.4,0.0,NO
2026-08-06 15:40:28,15:40:28,Present,88.0,-45.2,0.0,NO
2026-08-06 15:40:30,15:40:30,Present,96.4,-46.1,0.0,NO
2026-08-06 15:40:32,15:40:32,Present,88.5,-46.2,0.0,NO
2026-08-06 15:40:34,15:40:34,Present,88.0,-46.0,0.0,NO
2026-08-06 15:40:36,15:40:36,Present,94.5,-44.9,0.0,NO
2026-08-06 15:40:39,15:40:39,Present,88.0,-45.2,0.0,NO
2026-08-06 15:40:42,15:40:42,Present,88.0,-44.9,0.0,NO
2026-08-06 15:40:44,15:40:44,Present,88.0,-45.9,0.0,NO
2026-08-06 15:40:46,15:40:46,Present,88.0,-45.4,0.0,NO
2026-08-06 15:40:48,15:40:48,Present,88.0,-46.2,0.0,NO
2026-08-06 15:40:51,15:40:51,Present,88.0,-45.1,0.0,NO
2026-08-06 15:40:53,15:40:53,Present,88.0,-45.7,0.0,NO
2026-08-06 15:40:55,15:40:55,Present,88.0,-46.9,0.0,NO
2026-08-06 15:40:57,15:40:57,Present,88.0,-47.8,0.0,NO
2026-08-06 15:40:59,15:40:59,Present,88.0,-47.0,0.0,NO
2026-08-06 15:41:13,15:41:13,Present,88.0,-46.4,0.0,NO
2026-08-06 15:41:15,15:41:15,Present,88.0,-45.9,0.0,NO
2026-08-06 15:41:17,15:41:17,Present,88.0,-47.0,0.0,NO
2026-08-06 15:41:19,15:41:19,Present,88.0,-46.2,0.0,NO
2026-08-06 15:41:22,15:41:22,Present,92.1,-46.0,0.0,NO
2026-08-06 15:41:24,15:41:24,Present,88.0,-46.6,0.0,NO
2026-08-06 15:41:26,15:41:26,Present,88.0,-46.7,0.0,NO
2026-08-06 15:41:28,15:41:28,Present,88.0,-45.8,0.0,NO
2026-08-06 15:41:31,15:41:31,Present,88.0,-46.8,0.0,NO
2026-08-06 15:41:33,15:41:33,Present,92.1,-51.2,0.0,NO
2026-08-06 15:41:35,15:41:35,Present,99.0,-45.6,0.0,NO
2026-08-06 15:41:38,15:41:38,Present,99.0,-46.4,0.0,NO
2026-08-06 15:41:40,15:41:40,Present,99.0,-46.8,0.0,NO
2026-08-06 15:41:42,15:41:42,Present,99.0,-45.5,0.0,NO
2026-08-06 15:41:45,15:41:45,Present,99.0,-46.4,0.0,NO
2026-08-06 15:41:48,15:41:48,Present,88.0,-46.3,0.0,NO
2026-08-06 15:41:51,15:41:51,Present,88.0,-45.9,0.0,NO
2026-08-06 15:41:53,15:41:53,Present,88.0,-46.8,0.0,NO
2026-08-06 15:41:55,15:41:55,Present,88.0,-46.7,0.0,NO
2026-08-06 15:41:58,15:41:58,Present,88.0,-46.4,0.0,NO
2026-08-06 15:42:00,15:42:00,Present,88.0,-46.9,0.0,NO
2026-08-06 15:42:02,15:42:02,Present,96.0,-46.5,0.0,NO
2026-08-06 15:42:04,15:42:04,Present,94.7,-46.3,0.0,NO
2026-08-06 15:42:06,15:42:06,Present,99.0,-46.5,0.0,NO
2026-08-06 15:42:08,15:42:08,Present,88.0,-46.0,0.0,NO
2026-08-06 15:42:10,15:42:10,Present,88.0,-46.1,0.0,NO
2026-08-06 15:42:13,15:42:13,Present,88.0,-46.1,0.0,NO
2026-08-06 15:42:16,15:42:16,Present,98.3,-46.4,0.0,NO
2026-08-06 15:42:18,15:42:18,Present,96.9,-49.1,0.0,NO
2026-08-06 15:42:20,15:42:20,Present,88.0,-45.9,0.0,NO
2026-08-06 15:42:22,15:42:22,Present,88.0,-46.4,0.0,NO
2026-08-06 15:42:25,15:42:25,Present,88.0,-46.9,0.0,NO
2026-08-06 15:42:27,15:42:27,Present,88.0,-46.4,0.0,NO
2026-08-06 15:42:29,15:42:29,Present,99.0,-46.6,0.0,NO
2026-08-06 15:42:31,15:42:31,Present,88.0,-46.3,0.0,NO
2026-08-06 15:42:33,15:42:33,Present,88.0,-46.5,0.0,NO
2026-08-06 15:42:36,15:42:36,Present,88.0,-47.1,0.0,NO
2026-08-06 15:42:38,15:42:38,Present,99.0,-46.5,0.0,NO
2026-08-06 15:42:40,15:42:40,Present,88.0,-47.2,0.0,NO
2026-08-06 15:42:42,15:42:42,Present,88.0,-47.3,0.0,NO
2026-08-06 15:42:44,15:42:44,Present,88.0,-47.1,0.0,NO
2026-08-06 15:42:46,15:42:46,Present,88.0,-46.9,0.0,NO
2026-08-06 15:42:48,15:42:48,Present,97.9,-47.0,0.0,NO
2026-08-06 15:42:50,15:42:50,Present,88.0,-47.8,0.0,NO
2026-08-06 15:42:53,15:42:53,Present,88.0,-47.7,0.0,NO
2026-08-06 15:42:57,15:42:57,Present,88.0,-47.1,0.0,NO
2026-08-06 15:42:59,15:42:59,Present,94.9,-46.8,0.0,NO
2026-08-06 15:43:02,15:43:02,Present,96.0,-46.9,0.0,NO
2026-08-06 15:43:05,15:43:05,Present,99.0,-47.0,0.0,NO
2026-08-06 15:43:07,15:43:07,Present,99.0,-46.0,0.0,NO
2026-08-06 15:43:09,15:43:09,Present,95.5,-46.9,0.0,NO
2026-08-06 15:43:11,15:43:11,Present,88.0,-46.8,0.0,NO
2026-08-06 15:43:13,15:43:13,Present,88.0,-46.8,0.0,NO
2026-08-06 15:43:15,15:43:15,Present,98.5,-46.9,0.0,NO
2026-08-06 15:43:17,15:43:17,Present,88.0,-47.2,0.0,NO
2026-08-06 15:43:19,15:43:19,Present,88.0,-47.4,0.0,NO
2026-08-06 15:43:21,15:43:21,Present,88.0,-47.0,0.0,NO
2026-08-06 15:43:24,15:43:24,Present,99.0,-47.2,0.0,NO
2026-08-06 15:43:26,15:43:26,Present,99.0,-47.4,0.0,NO
2026-08-06 15:43:28,15:43:28,Present,96.0,-47.1,0.0,NO
2026-08-06 15:43:30,15:43:30,Present,88.1,-46.9,0.0,NO
2026-08-06 15:43:32,15:43:32,Present,88.0,-47.4,0.0,NO
2026-08-06 15:43:35,15:43:35,Present,88.0,-47.0,0.0,NO
2026-08-06 15:43:38,15:43:38,Present,94.4,-47.0,0.0,NO
2026-08-06 15:43:41,15:43:41,Present,99.0,-46.9,0.0,NO
2026-08-06 15:43:43,15:43:43,Present,91.5,-46.4,0.0,NO
2026-08-06 15:43:45,15:43:45,Present,88.0,-45.8,0.0,NO
2026-08-06 15:43:47,15:43:47,Present,88.0,-46.9,0.0,NO
2026-08-06 15:43:50,15:43:50,Present,88.0,-47.0,0.0,NO
2026-08-06 15:43:52,15:43:52,Present,88.0,-46.9,0.0,NO
2026-08-06 15:43:55,15:43:55,Present,88.0,-47.4,0.0,NO
2026-08-06 15:43:57,15:43:57,Present,88.0,-47.8,0.0,NO
2026-08-06 15:43:59,15:43:59,Present,94.5,-46.4,0.0,NO
2026-08-06 15:44:02,15:44:02,Present,99.0,-47.2,0.0,NO
2026-08-06 15:44:04,15:44:04,Present,88.0,-48.1,0.0,NO
2026-08-06 15:44:06,15:44:06,Present,88.0,-46.8,0.0,NO
2026-08-06 15:44:08,15:44:08,Present,88.0,-47.5,0.0,NO
2026-08-06 15:44:11,15:44:11,Present,88.0,-48.1,0.0,NO
2026-08-06 15:44:13,15:44:13,Present,88.0,-48.0,0.0,NO
2026-08-06 15:44:15,15:44:15,Present,88.0,-48.0,0.0,NO
2026-08-06 15:44:17,15:44:17,Present,88.0,-48.0,0.0,NO
2026-08-06 15:44:19,15:44:19,Present,88.0,-48.0,0.0,NO
2026-08-06 15:44:21,15:44:21,Present,88.0,-47.2,0.0,NO
2026-08-06 15:44:24,15:44:24,Present,88.0,-48.4,0.0,NO
2026-08-06 15:44:26,15:44:26,Present,88.0,-47.8,0.0,NO
2026-08-06 15:44:29,15:44:29,Present,88.0,-47.9,0.0,NO
2026-08-06 15:44:31,15:44:31,Present,88.0,-48.0,0.0,NO
2026-08-06 15:44:33,15:44:33,Present,88.0,-47.4,0.0,NO
2026-08-06 15:44:35,15:44:35,Present,88.0,-46.6,0.0,NO
2026-08-06 15:44:38,15:44:38,Present,88.0,-50.4,0.0,NO
2026-08-06 15:44:41,15:44:41,Present,98.2,-46.6,0.0,NO
2026-08-06 15:44:43,15:44:43,Present,99.0,-47.0,0.0,NO
2026-08-06 15:44:45,15:44:45,Present,98.1,-48.7,0.0,NO
2026-08-06 15:44:47,15:44:47,Present,97.2,-47.7,0.0,NO
2026-08-06 15:44:49,15:44:49,Present,98.0,-47.5,0.0,NO
2026-08-06 15:44:51,15:44:51,Present,88.0,-47.3,0.0,NO
2026-08-06 15:44:53,15:44:53,Present,88.0,-47.6,0.0,NO
2026-08-06 15:44:56,15:44:56,Present,88.0,-47.7,0.0,NO
2026-08-06 15:44:58,15:44:58,Present,90.9,-47.4,0.0,NO
2026-08-06 15:45:00,15:45:00,Present,88.0,-47.8,0.0,NO
2026-08-06 15:45:02,15:45:02,Present,88.0,-47.0,0.0,NO
2026-08-06 15:45:05,15:45:05,Present,88.0,-47.2,0.0,NO
2026-08-06 15:45:07,15:45:07,Present,88.0,-47.1,0.0,NO
2026-08-06 15:45:09,15:45:09,Present,88.0,-47.4,0.0,NO
2026-08-06 15:45:12,15:45:12,Present,88.0,-47.9,0.0,NO
2026-08-06 15:45:14,15:45:14,Present,88.0,-50.6,0.0,NO
2026-08-06 15:45:16,15:45:16,Present,88.0,-46.8,0.0,NO
2026-08-06 15:45:18,15:45:18,Present,88.0,-47.6,0.0,NO
2026-08-06 15:45:20,15:45:20,Present,98.5,-47.4,0.0,NO
2026-08-06 15:45:22,15:45:22,Present,99.0,-47.0,0.0,NO
2026-08-06 15:45:25,15:45:25,Present,99.0,-47.0,0.0,NO
2026-08-06 15:45:27,15:45:27,Present,95.5,-47.5,0.0,NO
2026-08-06 15:45:29,15:45:29,Present,88.0,-47.3,0.0,NO
2026-08-06 15:45:31,15:45:31,Present,88.0,-47.0,0.0,NO
2026-08-06 15:45:34,15:45:34,Present,88.0,-47.6,0.0,NO
2026-08-06 15:45:36,15:45:36,Present,88.0,-47.7,0.0,NO
2026-08-06 15:45:38,15:45:38,Present,88.0,-47.9,0.0,NO
2026-08-06 15:45:41,15:45:41,Present,88.0,-46.0,0.0,NO
2026-08-06 15:45:43,15:45:43,Present,88.0,-46.7,0.0,NO
2026-08-06 15:45:45,15:45:45,Present,88.0,-46.8,0.0,NO
2026-08-06 15:45:47,15:45:47,Present,88.0,-46.7,0.0,NO
2026-08-06 15:45:49,15:45:49,Present,88.0,-45.5,0.0,NO
2026-08-06 15:45:52,15:45:52,Present,93.4,-46.0,0.0,NO
2026-08-06 15:45:54,15:45:54,Present,88.0,-47.0,0.0,NO
2026-08-06 15:45:57,15:45:57,Present,88.0,-47.1,0.0,NO
2026-08-06 15:45:59,15:45:59,Present,88.0,-46.9,0.0,NO
2026-08-06 15:46:01,15:46:01,Present,93.8,-47.2,0.0,NO
2026-08-06 15:46:04,15:46:04,Present,96.0,-46.9,0.0,NO
2026-08-06 15:46:08,15:46:08,Present,92.1,-46.8,0.0,NO
2026-08-06 15:46:11,15:46:11,Present,88.0,-47.4,0.0,NO
2026-08-06 15:46:13,15:46:13,Present,88.0,-47.7,0.0,NO
2026-08-06 15:46:16,15:46:16,Present,88.0,-47.0,0.0,NO
2026-08-06 15:46:18,15:46:18,Present,88.0,-47.3,0.0,NO
2026-08-06 15:46:20,15:46:20,Present,88.0,-47.1,0.0,NO
2026-08-06 15:46:22,15:46:22,Present,88.0,-46.9,0.0,NO
2026-08-06 15:46:24,15:46:24,Present,88.0,-47.8,0.0,NO
2026-08-06 15:46:26,15:46:26,Present,88.0,-47.5,0.0,NO
2026-08-06 15:46:29,15:46:29,Present,88.0,-47.4,0.0,NO
2026-08-06 15:46:31,15:46:31,Present,88.0,-47.0,0.0,NO
2026-08-06 15:46:33,15:46:33,Present,88.0,-46.1,0.0,NO
2026-08-06 15:46:35,15:46:35,Present,88.0,-46.3,0.0,NO
2026-08-06 15:46:38,15:46:38,Present,88.0,-47.7,0.0,NO
2026-08-06 15:46:40,15:46:40,Present,88.0,-47.7,0.0,NO
2026-08-06 15:46:42,15:46:42,Present,88.0,-47.6,0.0,NO
2026-08-06 15:46:44,15:46:44,Present,88.0,-47.2,0.0,NO
2026-08-06 15:46:47,15:46:47,Present,88.0,-45.2,0.0,NO
2026-08-06 15:46:49,15:46:49,Present,88.0,-46.8,0.0,NO
2026-08-06 15:46:51,15:46:51,Present,88.0,-47.2,0.0,NO
2026-08-06 15:46:53,15:46:53,Present,88.0,-47.4,0.0,NO
2026-08-06 15:46:57,15:46:57,Present,88.0,-47.6,0.0,NO
2026-08-06 15:46:59,15:46:59,Present,88.0,-47.0,0.0,NO
2026-08-06 15:47:01,15:47:01,Present,88.0,-47.6,0.0,NO
2026-08-06 15:47:04,15:47:04,Present,88.0,-46.9,0.0,NO
2026-08-06 15:47:06,15:47:06,Present,88.0,-46.5,0.0,NO
2026-08-06 15:47:08,15:47:08,Present,88.0,-46.2,0.0,NO
2026-08-06 15:47:11,15:47:11,Present,88.0,-45.1,0.0,NO
2026-08-06 15:47:13,15:47:13,Present,88.0,-47.4,0.0,NO
2026-08-06 15:47:15,15:47:15,Present,88.0,-47.0,0.0,NO
2026-08-06 15:47:17,15:47:17,Present,88.0,-47.8,0.0,NO
2026-08-06 15:47:20,15:47:20,Present,88.0,-46.5,0.0,NO
2026-08-06 15:47:22,15:47:22,Present,88.0,-47.4,0.0,NO
2026-08-06 15:47:24,15:47:24,Present,88.0,-46.4,0.0,NO
2026-08-06 15:47:26,15:47:26,Present,88.0,-45.9,0.0,NO
2026-08-06 15:47:28,15:47:28,Present,88.0,-46.0,0.0,NO
2026-08-06 15:47:31,15:47:31,Present,88.0,-46.1,0.0,NO
2026-08-06 15:47:33,15:47:33,Present,88.0,-46.4,0.0,NO
2026-08-06 15:47:35,15:47:35,Present,88.0,-46.4,0.0,NO
2026-08-06 15:47:37,15:47:37,Present,88.0,-46.9,0.0,NO
2026-08-06 15:47:40,15:47:40,Present,88.0,-46.0,0.0,NO
2026-08-06 15:47:42,15:47:42,Present,88.0,-48.5,0.0,NO
2026-08-06 15:47:44,15:47:44,Present,99.0,-48.3,0.0,NO
2026-08-06 15:47:48,15:47:48,Present,99.0,-47.8,0.0,NO
2026-08-06 15:48:06,15:48:06,Present,92.6,-45.0,0.0,NO
2026-08-06 15:48:08,15:48:08,Present,88.0,-46.4,0.0,NO
2026-08-06 15:48:10,15:48:10,Present,88.0,-45.7,0.0,NO
2026-08-06 15:48:13,15:48:13,Present,88.0,-45.6,0.0,NO
2026-08-06 15:48:15,15:48:15,Present,88.0,-46.6,0.0,NO
2026-08-06 15:48:17,15:48:17,Present,88.0,-47.0,0.0,NO
2026-08-06 15:48:19,15:48:19,Present,88.0,-46.0,0.0,NO
2026-08-06 15:48:22,15:48:22,Present,91.3,-46.4,0.0,NO
2026-08-06 15:48:24,15:48:24,Present,88.0,-47.4,0.0,NO
2026-08-06 15:48:26,15:48:26,Present,88.0,-45.5,0.0,NO
2026-08-06 15:48:30,15:48:30,Present,88.0,-46.5,0.0,NO
2026-08-06 15:48:32,15:48:32,Present,88.0,-44.9,0.0,NO
2026-08-06 15:48:34,15:48:34,Present,88.0,-48.1,0.0,NO
2026-08-06 15:48:38,15:48:38,Present,88.0,-45.5,0.0,NO
2026-08-06 15:48:40,15:48:40,Present,88.0,-45.2,0.0,NO
2026-08-06 15:48:42,15:48:42,Present,88.0,-46.7,0.0,NO
2026-08-06 15:48:44,15:48:44,Present,98.8,-47.1,0.0,NO
2026-08-06 15:48:47,15:48:47,Present,88.0,-45.5,0.0,NO
2026-08-06 15:48:49,15:48:49,Present,88.0,-45.5,0.0,NO
2026-08-06 15:48:53,15:48:53,Present,88.0,-46.3,0.0,NO
2026-08-06 15:48:55,15:48:55,Present,88.0,-45.6,0.0,NO
2026-08-06 15:48:57,15:48:57,Present,99.0,-46.5,0.0,NO
2026-08-06 15:49:00,15:49:00,Present,99.0,-46.1,0.0,NO
2026-08-06 15:49:02,15:49:02,Present,99.0,-45.6,0.0,NO
2026-08-06 15:49:04,15:49:04,Present,90.6,-46.3,0.0,NO
2026-08-06 15:49:07,15:49:07,Present,88.0,-45.5,0.0,NO
2026-08-06 15:49:09,15:49:09,Present,88.0,-45.7,0.0,NO
2026-08-06 15:49:12,15:49:12,Present,88.0,-45.4,0.0,NO
2026-08-06 15:49:14,15:49:14,Present,88.0,-44.4,0.0,NO
2026-08-06 15:49:16,15:49:16,Present,88.0,-46.8,0.0,NO
2026-08-06 15:49:18,15:49:18,Present,88.0,-46.0,0.0,NO
2026-08-06 15:49:20,15:49:20,Present,88.0,-45.9,0.0,NO
2026-08-06 15:49:23,15:49:23,Present,99.0,-44.5,0.0,NO
2026-08-06 15:49:25,15:49:25,Present,99.0,-44.9,0.0,NO
2026-08-06 15:49:27,15:49:27,Present,99.0,-45.6,0.0,NO
2026-08-06 15:49:29,15:49:29,Present,98.6,-45.2,0.0,NO
2026-08-06 15:49:31,15:49:31,Present,97.0,-44.3,0.0,NO
2026-08-06 15:49:35,15:49:35,Present,98.2,-45.3,0.0,NO
2026-08-06 15:49:37,15:49:37,Present,99.0,-45.1,0.0,NO
2026-08-06 15:49:39,15:49:39,Present,99.0,-45.0,0.0,NO
2026-08-06 15:49:42,15:49:42,Present,88.0,-45.3,0.0,NO
2026-08-06 15:49:44,15:49:44,Present,88.0,-44.5,0.0,NO
2026-08-06 15:49:46,15:49:46,Present,88.0,-45.3,0.0,NO
2026-08-06 15:49:48,15:49:48,Present,88.0,-46.5,0.0,NO
2026-08-06 15:49:50,15:49:50,Present,88.0,-44.8,0.0,NO
2026-08-06 15:49:53,15:49:53,Present,88.0,-45.2,0.0,NO
2026-08-06 15:49:55,15:49:55,Present,88.0,-44.7,0.0,NO
2026-08-06 15:49:58,15:49:58,Present,88.0,-44.9,0.0,NO
2026-08-06 15:50:00,15:50:00,Present,96.8,-46.7,0.0,NO
2026-08-06 15:50:02,15:50:02,Present,99.0,-44.8,0.0,NO
2026-08-06 15:50:05,15:50:05,Present,99.0,-43.8,0.0,NO
2026-08-06 15:50:07,15:50:07,Present,88.0,-45.5,0.0,NO
2026-08-06 15:50:09,15:50:09,Present,88.0,-43.3,0.0,NO
2026-08-06 15:50:13,15:50:13,Present,88.0,-44.0,0.0,NO
2026-08-06 15:50:15,15:50:15,Present,88.0,-44.2,0.0,NO
2026-08-06 15:50:17,15:50:17,Present,88.0,-47.2,0.0,NO
2026-08-06 15:50:19,15:50:19,Present,88.0,-47.0,0.0,NO
2026-08-06 15:50:21,15:50:21,Present,88.0,-49.8,0.0,NO
2026-08-06 15:50:24,15:50:24,Present,94.0,-45.9,0.0,NO
2026-08-06 15:50:27,15:50:27,Present,99.0,-49.9,0.0,NO
2026-08-06 15:50:29,15:50:29,Present,99.0,-43.5,0.0,NO
2026-08-06 15:50:31,15:50:31,Present,99.0,-46.1,0.0,NO
2026-08-06 15:50:33,15:50:33,Present,99.0,-46.8,0.0,NO
2026-08-06 15:50:35,15:50:35,Present,94.1,-45.7,0.0,NO
2026-08-06 15:50:38,15:50:38,Present,88.0,-45.3,0.0,NO
2026-08-06 15:50:40,15:50:40,Present,88.0,-44.5,0.0,NO
2026-08-06 15:50:42,15:50:42,Present,88.0,-44.6,0.0,NO
2026-08-06 15:50:45,15:50:45,Present,88.0,-47.1,0.0,NO
2026-08-06 15:50:47,15:50:47,Present,88.0,-45.2,0.0,NO
2026-08-06 15:50:49,15:50:49,Present,88.0,-47.8,0.0,NO
2026-08-06 15:50:51,15:50:51,Present,88.0,-45.9,0.0,NO
2026-08-06 15:50:53,15:50:53,Present,88.0,-45.7,0.0,NO
2026-08-06 15:50:56,15:50:56,Present,88.0,-45.9,0.0,NO
2026-08-06 15:51:00,15:51:00,Present,88.0,-44.4,0.0,NO
2026-08-06 15:51:02,15:51:02,Present,88.0,-45.4,0.0,NO
2026-08-06 15:51:04,15:51:04,Present,88.0,-46.3,0.0,NO
2026-08-06 15:51:08,15:51:08,Present,88.0,-45.5,0.0,NO
2026-08-06 15:51:11,15:51:11,Present,88.0,-48.3,0.0,NO
2026-08-06 15:51:13,15:51:13,Present,88.0,-47.3,0.0,NO
2026-08-06 15:51:16,15:51:16,Present,88.0,-43.6,0.0,NO
2026-08-06 15:51:18,15:51:18,Present,88.0,-44.3,0.0,NO
2026-08-06 15:51:20,15:51:20,Present,99.0,-44.7,0.0,NO
2026-08-06 15:51:22,15:51:22,Present,98.4,-45.2,0.0,NO
2026-08-06 15:51:24,15:51:24,Present,88.0,-45.8,0.0,NO
2026-08-06 15:51:26,15:51:26,Present,90.6,-44.7,0.0,NO
2026-08-06 15:51:29,15:51:29,Present,88.0,-46.3,0.0,NO
2026-08-06 15:51:31,15:51:31,Present,88.0,-45.4,0.0,NO
2026-08-06 15:51:33,15:51:33,Present,88.0,-45.9,0.0,NO
2026-08-06 15:51:35,15:51:35,Present,88.0,-44.8,0.0,NO
2026-08-06 15:51:38,15:51:38,Present,88.0,-45.8,0.0,NO
2026-08-06 15:51:40,15:51:40,Present,90.9,-45.1,0.0,NO
2026-08-06 15:51:42,15:51:42,Present,88.0,-45.4,0.0,NO
2026-08-06 15:51:44,15:51:44,Present,88.0,-46.2,0.0,NO
2026-08-06 15:51:46,15:51:46,Present,88.8,-45.4,0.0,NO
2026-08-06 15:51:49,15:51:49,Present,95.6,-45.7,0.0,NO
2026-08-06 15:51:51,15:51:51,Present,99.0,-44.4,0.0,NO
2026-08-06 15:51:53,15:51:53,Present,99.0,-45.1,0.0,NO
2026-08-06 15:51:55,15:51:55,Present,99.0,-46.4,0.0,NO
2026-08-06 15:51:57,15:51:57,Present,99.0,-45.9,0.0,NO
2026-08-06 15:51:59,15:51:59,Present,99.0,-45.6,0.0,NO
2026-08-06 15:52:01,15:52:01,Present,99.0,-44.6,0.0,NO
2026-08-06 15:52:04,15:52:04,Present,99.0,-46.3,0.0,NO
2026-08-06 15:52:06,15:52:06,Present,99.0,-45.8,0.0,NO
2026-08-06 15:52:08,15:52:08,Present,99.0,-44.8,0.0,NO
2026-08-06 15:52:10,15:52:10,Present,99.0,-46.1,0.0,NO
2026-08-06 15:52:12,15:52:12,Present,99.0,-45.4,0.0,NO
2026-08-06 15:52:14,15:52:14,Present,98.2,-45.8,0.0,NO
2026-08-06 15:52:16,15:52:16,Present,88.0,-45.8,0.0,NO
2026-08-06 15:52:19,15:52:19,Present,88.0,-46.6,0.0,NO
2026-08-06 15:52:21,15:52:21,Present,88.0,-47.3,0.0,NO
2026-08-06 15:52:25,15:52:25,Present,88.0,-45.1,0.0,NO
2026-08-06 15:52:27,15:52:27,Present,99.0,-44.6,0.0,NO
2026-08-06 15:52:30,15:52:30,Present,98.8,-45.0,0.0,NO
2026-08-06 15:52:32,15:52:32,Present,88.0,-45.9,0.0,NO
2026-08-06 15:52:34,15:52:34,Present,88.0,-47.6,0.0,NO
2026-08-06 15:52:36,15:52:36,Present,88.0,-44.9,0.0,NO
2026-08-06 15:52:38,15:52:38,Present,99.0,-44.8,0.0,NO
2026-08-06 15:52:40,15:52:40,Present,99.0,-44.5,0.0,NO
2026-08-06 15:52:43,15:52:43,Present,99.0,-45.6,0.0,NO
2026-08-06 15:52:45,15:52:45,Present,99.0,-43.5,0.0,NO
2026-08-06 15:52:47,15:52:47,Present,99.0,-44.2,0.0,NO
2026-08-06 15:52:49,15:52:49,Present,99.0,-44.5,0.0,NO
2026-08-06 15:52:51,15:52:51,Present,99.0,-45.2,0.0,NO
2026-08-06 15:52:53,15:52:53,Present,99.0,-46.5,0.0,NO
2026-08-06 15:52:57,15:52:57,Present,99.0,-46.6,0.0,NO
2026-08-06 15:52:59,15:52:59,Present,99.0,-46.9,0.0,NO
2026-08-06 15:53:02,15:53:02,Present,99.0,-47.3,0.0,NO
2026-08-06 15:53:04,15:53:04,Present,99.0,-48.0,0.0,NO
2026-08-06 15:53:06,15:53:06,Present,99.0,-48.8,0.0,NO
2026-08-06 15:53:08,15:53:08,Present,99.0,-47.8,0.0,NO
2026-08-06 15:53:10,15:53:10,Present,99.0,-48.5,0.0,NO
2026-08-06 15:53:14,15:53:14,Present,99.0,-51.2,0.0,NO
2026-08-06 15:53:16,15:53:16,Present,99.0,-48.8,0.0,NO
2026-08-06 15:53:18,15:53:18,Present,99.0,-50.0,0.0,NO
2026-08-06 15:53:21,15:53:21,Present,99.0,-49.0,0.0,NO
2026-08-06 15:53:23,15:53:23,Present,99.0,-53.0,0.0,NO
2026-08-06 15:53:25,15:53:25,Present,99.0,-47.9,0.0,NO
2026-08-06 15:53:27,15:53:27,Present,99.0,-47.3,0.0,NO
2026-08-06 15:53:29,15:53:29,Present,99.0,-50.0,0.0,NO
2026-08-06 15:53:32,15:53:32,Present,99.0,-46.2,0.0,NO
2026-08-06 15:53:34,15:53:34,Present,99.0,-46.6,0.0,NO
2026-08-06 15:53:36,15:53:36,Present,99.0,-47.7,0.0,NO
2026-08-06 15:53:38,15:53:38,Present,99.0,-48.5,0.0,NO
2026-08-06 15:53:40,15:53:40,Present,99.0,-45.5,0.0,NO
2026-08-06 15:53:43,15:53:43,Present,99.0,-45.1,0.0,NO
2026-08-06 15:53:45,15:53:45,Present,99.0,-47.0,0.0,NO
2026-08-06 15:53:47,15:53:47,Present,99.0,-46.4,0.0,NO
2026-08-06 15:53:49,15:53:49,Present,99.0,-50.2,0.0,NO
2026-08-06 15:53:51,15:53:51,Present,99.0,-46.0,0.0,NO
2026-08-06 15:53:54,15:53:54,Present,99.0,-49.8,0.0,NO
2026-08-06 15:53:56,15:53:56,Present,99.0,-46.8,0.0,NO
2026-08-06 15:53:58,15:53:58,Present,99.0,-46.2,0.0,NO
2026-08-06 15:54:00,15:54:00,Present,99.0,-45.7,0.0,NO
2026-08-06 15:54:02,15:54:02,Present,99.0,-45.8,0.0,NO
2026-08-06 15:54:04,15:54:04,Present,99.0,-46.1,0.0,NO
2026-08-06 15:54:06,15:54:06,Present,99.0,-46.0,0.0,NO
2026-08-06 15:54:10,15:54:10,Present,99.0,-46.0,0.0,NO
2026-08-06 15:54:12,15:54:12,Present,99.0,-47.1,0.0,NO
2026-08-06 15:54:14,15:54:14,Present,99.0,-45.8,0.0,NO
2026-08-06 15:54:16,15:54:16,Present,99.0,-46.0,0.0,NO
2026-08-06 15:54:19,15:54:19,Present,99.0,-45.5,0.0,NO
2026-08-06 15:54:21,15:54:21,Present,99.0,-48.1,0.0,NO
2026-08-06 15:54:23,15:54:23,Present,99.0,-45.7,0.0,NO
2026-08-06 15:54:26,15:54:26,Present,99.0,-49.4,0.0,NO
2026-08-06 15:54:28,15:54:28,Present,99.0,-46.0,0.0,NO
2026-08-06 15:54:30,15:54:30,Present,99.0,-49.6,0.0,NO
2026-08-06 15:54:32,15:54:32,Present,99.0,-49.2,0.0,NO
2026-08-06 15:54:35,15:54:35,Present,99.0,-49.2,0.0,NO
2026-08-06 15:54:37,15:54:37,Present,99.0,-47.3,0.0,NO
2026-08-06 15:54:40,15:54:40,Present,99.0,-51.4,0.0,NO
2026-08-06 15:54:42,15:54:42,Present,99.0,-47.9,0.0,NO
2026-08-06 15:54:44,15:54:44,Present,99.0,-46.5,0.0,NO
2026-08-06 15:54:46,15:54:46,Present,99.0,-45.7,0.0,NO
2026-08-06 15:54:49,15:54:49,Present,99.0,-48.8,0.0,NO
2026-08-06 15:54:51,15:54:51,Present,99.0,-44.5,0.0,NO
2026-08-06 15:54:53,15:54:53,Present,99.0,-45.7,0.0,NO
2026-08-06 15:54:55,15:54:55,Present,99.0,-48.7,0.0,NO
2026-08-06 15:54:58,15:54:58,Present,99.0,-48.7,0.0,NO
2026-08-06 15:55:00,15:55:00,Present,99.0,-44.9,0.0,NO
2026-08-06 15:55:02,15:55:02,Present,99.0,-46.8,0.0,NO
2026-08-06 15:55:04,15:55:04,Present,99.0,-49.1,0.0,NO
2026-08-06 15:55:08,15:55:08,Present,99.0,-47.1,0.0,NO
2026-08-06 15:55:10,15:55:10,Present,99.0,-46.9,0.0,NO
2026-08-06 15:55:12,15:55:12,Present,99.0,-44.8,0.0,NO
2026-08-06 15:55:14,15:55:14,Present,99.0,-44.6,0.0,NO
2026-08-06 15:55:17,15:55:17,Present,99.0,-48.1,0.0,NO
2026-08-06 15:55:19,15:55:19,Present,99.0,-49.5,0.0,NO
2026-08-06 15:55:21,15:55:21,Present,99.0,-49.0,0.0,NO
2026-08-06 15:55:23,15:55:23,Present,99.0,-46.1,0.0,NO
2026-08-06 15:55:25,15:55:25,Present,99.0,-46.8,0.0,NO
2026-08-06 15:55:28,15:55:28,Present,99.0,-45.4,0.0,NO
2026-08-06 15:55:30,15:55:30,Present,99.0,-45.6,0.0,NO
2026-08-06 15:55:33,15:55:33,Present,99.0,-46.0,0.0,NO
2026-08-06 15:55:35,15:55:35,Present,99.0,-46.1,0.0,NO
2026-08-06 15:55:37,15:55:37,Present,99.0,-47.6,0.0,NO
2026-08-06 15:55:39,15:55:39,Present,99.0,-48.0,0.0,NO
2026-08-06 15:55:41,15:55:41,Present,99.0,-46.7,0.0,NO
2026-08-06 15:55:44,15:55:44,Present,99.0,-45.4,0.0,NO
2026-08-06 15:55:46,15:55:46,Present,99.0,-44.8,0.0,NO
2026-08-06 15:55:48,15:55:48,Present,99.0,-45.8,0.0,NO
2026-08-06 15:55:50,15:55:50,Present,99.0,-44.6,0.0,NO
2026-08-06 15:55:53,15:55:53,Present,99.0,-45.5,0.0,NO
2026-08-06 15:55:55,15:55:55,Present,99.0,-46.6,0.0,NO
2026-08-06 15:55:57,15:55:57,Present,99.0,-47.1,0.0,NO
2026-08-06 15:55:59,15:55:59,Present,88.9,-48.1,0.0,NO
2026-08-06 15:56:02,15:56:02,Present,88.0,-48.6,0.0,NO
2026-08-06 15:56:04,15:56:04,Present,88.0,-48.0,0.0,NO
2026-08-06 15:56:07,15:56:07,Present,88.0,-49.4,0.0,NO
2026-08-06 15:56:09,15:56:09,Present,88.0,-47.2,0.0,NO
2026-08-06 15:56:11,15:56:11,Present,88.0,-47.7,0.0,NO
2026-08-06 15:56:13,15:56:13,Present,95.6,-49.8,0.0,NO
2026-08-06 15:56:15,15:56:15,Present,99.0,-46.9,0.0,NO
2026-08-06 15:56:18,15:56:18,Present,99.0,-46.9,0.0,NO
2026-08-06 15:56:20,15:56:20,Present,99.0,-50.0,0.0,NO
2026-08-06 15:56:22,15:56:22,Present,99.0,-51.9,0.0,NO
2026-08-06 15:56:24,15:56:24,Present,99.0,-49.2,0.0,NO
2026-08-06 15:56:27,15:56:27,Present,99.0,-48.7,0.0,NO
2026-08-06 15:56:29,15:56:29,Present,99.0,-50.4,0.0,NO
2026-08-06 15:56:31,15:56:31,Present,99.0,-47.9,0.0,NO
2026-08-06 15:56:34,15:56:34,Present,99.0,-47.4,0.0,NO
2026-08-06 15:56:36,15:56:36,Present,89.0,-47.9,0.0,NO
2026-08-06 15:56:38,15:56:38,Present,88.0,-47.9,0.0,NO
2026-08-06 15:56:40,15:56:40,Present,88.0,-49.0,0.0,NO
2026-08-06 15:56:42,15:56:42,Present,88.0,-52.3,0.0,NO
2026-08-06 15:56:45,15:56:45,Present,88.0,-50.6,0.0,NO
2026-08-06 15:56:47,15:56:47,Present,88.0,-49.5,0.0,NO
2026-08-06 15:56:49,15:56:49,Present,94.4,-49.4,0.0,NO
2026-08-06 15:56:51,15:56:51,Present,88.0,-48.4,0.0,NO
2026-08-06 15:56:53,15:56:53,Present,88.0,-49.2,0.0,NO
2026-08-06 15:56:56,15:56:56,Present,88.0,-51.0,0.0,NO
2026-08-06 15:56:58,15:56:58,Present,88.0,-50.9,0.0,NO
2026-08-06 15:57:00,15:57:00,Present,88.0,-49.0,0.0,NO
2026-08-06 15:57:02,15:57:02,Present,88.0,-48.9,0.0,NO
2026-08-06 15:57:05,15:57:05,Present,88.0,-49.6,0.0,NO
2026-08-06 15:57:07,15:57:07,Present,88.0,-50.2,0.0,NO
2026-08-06 15:57:09,15:57:09,Present,99.0,-50.1,0.0,NO
2026-08-06 15:57:12,15:57:12,Present,99.0,-49.1,0.0,NO
2026-08-06 15:57:14,15:57:14,Present,99.0,-48.4,0.0,NO
2026-08-06 15:57:17,15:57:17,Present,99.0,-49.8,0.0,NO
2026-08-06 15:57:19,15:57:19,Present,99.0,-52.8,0.0,NO
2026-08-06 15:57:21,15:57:21,Present,99.0,-50.8,0.0,NO
2026-08-06 15:57:23,15:57:23,Present,99.0,-49.8,0.0,NO
2026-08-06 15:57:25,15:57:25,Present,99.0,-49.7,0.0,NO
2026-08-06 15:57:29,15:57:29,Present,99.0,-49.8,0.0,NO
2026-08-06 15:57:31,15:57:31,Present,99.0,-53.0,0.0,NO
2026-08-06 15:57:33,15:57:33,Present,99.0,-53.2,0.0,NO
2026-08-06 15:57:35,15:57:35,Present,99.0,-49.6,0.0,NO
2026-08-06 15:57:38,15:57:38,Present,99.0,-48.7,0.0,NO
2026-08-06 15:57:40,15:57:40,Present,99.0,-49.3,0.0,NO
2026-08-06 15:57:43,15:57:43,Present,99.0,-49.6,0.0,NO
2026-08-06 15:57:45,15:57:45,Present,99.0,-48.1,0.0,NO
2026-08-06 15:57:47,15:57:47,Present,99.0,-47.9,0.0,NO
2026-08-06 15:57:50,15:57:50,Present,99.0,-47.0,0.0,NO
2026-08-06 15:57:52,15:57:52,Present,99.0,-48.5,0.0,NO
2026-08-06 15:57:54,15:57:54,Present,99.0,-49.0,0.0,NO
2026-08-06 15:57:56,15:57:56,Present,99.0,-49.4,0.0,NO
2026-08-06 15:57:58,15:57:58,Present,99.0,-51.8,0.0,NO
2026-08-06 15:58:00,15:58:00,Present,99.0,-50.7,0.0,NO
2026-08-06 15:58:03,15:58:03,Present,99.0,-50.2,0.0,NO
2026-08-06 15:58:05,15:58:05,Present,99.0,-50.8,0.0,NO
2026-08-06 15:58:07,15:58:07,Present,99.0,-51.8,0.0,NO
2026-08-06 15:58:10,15:58:10,Present,99.0,-50.9,0.0,NO
2026-08-06 15:58:12,15:58:12,Present,99.0,-50.7,0.0,NO
2026-08-06 15:58:14,15:58:14,Present,99.0,-49.9,0.0,NO
2026-08-06 15:58:16,15:58:16,Present,99.0,-47.5,0.0,NO
2026-08-06 15:58:18,15:58:18,Present,99.0,-47.4,0.0,NO
2026-08-06 15:58:20,15:58:20,Present,99.0,-47.3,0.0,NO
2026-08-06 15:58:23,15:58:23,Present,99.0,-47.2,0.0,NO
2026-08-06 15:58:25,15:58:25,Present,99.0,-47.4,0.0,NO
2026-08-06 15:58:27,15:58:27,Present,99.0,-47.6,0.0,NO
2026-08-06 15:58:29,15:58:29,Present,89.9,-48.4,0.0,NO
2026-08-06 15:58:31,15:58:31,Present,88.0,-47.0,0.0,NO
2026-08-06 15:58:33,15:58:33,Present,88.0,-47.1,0.0,NO
2026-08-06 15:58:36,15:58:36,Present,99.0,-47.0,0.0,NO
2026-08-06 15:58:38,15:58:38,Present,99.0,-47.9,0.0,NO
2026-08-06 15:58:41,15:58:41,Present,99.0,-47.8,0.0,NO
2026-08-06 15:58:43,15:58:43,Present,99.0,-47.4,0.0,NO
2026-08-06 15:58:46,15:58:46,Present,99.0,-50.5,0.0,NO
2026-08-06 15:58:48,15:58:48,Present,99.0,-47.3,0.0,NO
2026-08-06 15:58:51,15:58:51,Present,99.0,-47.0,0.0,NO
2026-08-06 15:58:53,15:58:53,Present,99.0,-48.2,0.0,NO
2026-08-06 15:58:55,15:58:55,Present,99.0,-47.5,0.0,NO
2026-08-06 15:58:58,15:58:58,Present,99.0,-48.6,0.0,NO
2026-08-06 15:59:00,15:59:00,Present,99.0,-47.3,0.0,NO
2026-08-06 15:59:02,15:59:02,Present,99.0,-47.6,0.0,NO
2026-08-06 15:59:04,15:59:04,Present,99.0,-47.5,0.0,NO
2026-08-06 15:59:07,15:59:07,Present,99.0,-47.9,0.0,NO
2026-08-06 15:59:09,15:59:09,Present,88.0,-46.6,0.0,NO
2026-08-06 15:59:11,15:59:11,Present,88.0,-46.5,0.0,NO
2026-08-06 15:59:13,15:59:13,Present,88.0,-47.3,0.0,NO
2026-08-06 15:59:15,15:59:15,Present,99.0,-51.0,0.0,NO
2026-08-06 15:59:18,15:59:18,Present,99.0,-46.2,0.0,NO
2026-08-06 15:59:20,15:59:20,Present,99.0,-47.0,0.0,NO
2026-08-06 15:59:23,15:59:23,Present,99.0,-47.0,0.0,NO
2026-08-06 15:59:25,15:59:25,Present,99.0,-47.8,0.0,NO
2026-08-06 15:59:27,15:59:27,Present,99.0,-47.3,0.0,NO
2026-08-06 15:59:29,15:59:29,Present,99.0,-47.4,0.0,NO
2026-08-06 15:59:31,15:59:31,Present,99.0,-48.3,0.0,NO
2026-08-06 15:59:33,15:59:33,Present,99.0,-49.1,0.0,NO
2026-08-06 15:59:35,15:59:35,Present,99.0,-45.1,0.0,NO
2026-08-06 15:59:37,15:59:37,Present,99.0,-45.1,0.0,NO
2026-08-06 15:59:39,15:59:39,Present,99.0,-47.9,0.0,NO
2026-08-06 15:59:42,15:59:42,Present,99.0,-47.6,0.0,NO
2026-08-06 15:59:44,15:59:44,Present,99.0,-45.7,0.0,NO
2026-08-06 15:59:46,15:59:46,Present,99.0,-48.0,0.0,NO
2026-08-06 15:59:48,15:59:48,Present,99.0,-48.8,0.0,NO
2026-08-06 15:59:50,15:59:50,Present,99.0,-49.1,0.0,NO
2026-08-06 15:59:53,15:59:53,Present,99.0,-48.7,0.0,NO
2026-08-06 15:59:55,15:59:55,Present,99.0,-51.5,0.0,NO
2026-08-06 15:59:57,15:59:57,Present,99.0,-52.3,0.0,NO
2026-08-06 15:59:59,15:59:59,Present,99.0,-45.3,0.0,NO
2026-08-06 16:00:01,16:00:01,Present,99.0,-46.8,0.0,NO
2026-08-06 16:00:04,16:00:04,Present,99.0,-45.6,0.0,NO
2026-08-06 16:00:06,16:00:06,Present,99.0,-45.5,0.0,NO
2026-08-06 16:00:08,16:00:08,Present,99.0,-46.6,0.0,NO
2026-08-06 16:00:10,16:00:10,Present,99.0,-49.7,0.0,NO
2026-08-06 16:00:13,16:00:13,Present,99.0,-51.7,0.0,NO
2026-08-06 16:00:15,16:00:15,Present,99.0,-49.1,0.0,NO
2026-08-06 16:00:17,16:00:17,Present,99.0,-46.9,0.0,NO
2026-08-06 16:00:20,16:00:20,Present,99.0,-47.9,0.0,NO
2026-08-06 16:00:22,16:00:22,Present,99.0,-49.7,0.0,NO
2026-08-06 16:00:24,16:00:24,Present,99.0,-50.0,0.0,NO
2026-08-06 16:00:26,16:00:26,Present,98.1,-49.8,0.0,NO
2026-08-06 16:00:28,16:00:28,Present,94.4,-50.4,0.0,NO
2026-08-06 16:00:31,16:00:31,Present,88.0,-51.6,0.0,NO
2026-08-06 16:00:33,16:00:33,Present,88.0,-48.4,0.0,NO
2026-08-06 16:00:35,16:00:35,Present,88.0,-48.2,0.0,NO
2026-08-06 16:00:37,16:00:37,Present,88.0,-48.1,0.0,NO
2026-08-06 16:00:39,16:00:39,Present,88.0,-49.1,0.0,NO
2026-08-06 16:00:42,16:00:42,Present,88.0,-48.9,0.0,NO
2026-08-06 16:00:46,16:00:46,Present,88.0,-50.2,0.0,NO
2026-08-06 16:00:49,16:00:49,Present,99.0,-48.7,0.0,NO
2026-08-06 16:00:51,16:00:51,Present,93.3,-47.0,0.0,NO
2026-08-06 16:00:53,16:00:53,Present,88.2,-46.7,0.0,NO
2026-08-06 16:00:56,16:00:56,Present,88.2,-48.7,0.0,NO
2026-08-06 16:00:58,16:00:58,Present,99.0,-46.6,0.0,NO
2026-08-06 16:01:00,16:01:00,Present,88.0,-47.7,0.0,NO
2026-08-06 16:01:02,16:01:02,Present,88.0,-50.8,0.0,NO
2026-08-06 16:01:05,16:01:05,Present,88.0,-50.0,0.0,NO
2026-08-06 16:01:07,16:01:07,Present,88.0,-52.2,0.0,NO
2026-08-06 16:01:10,16:01:10,Present,88.0,-47.6,0.0,NO
2026-08-06 16:01:12,16:01:12,Present,99.0,-47.8,0.0,NO
2026-08-06 16:01:14,16:01:14,Present,99.0,-49.6,0.0,NO
2026-08-06 16:01:16,16:01:16,Present,99.0,-50.5,0.0,NO
2026-08-06 16:01:19,16:01:19,Present,99.0,-47.9,0.0,NO
2026-08-06 16:01:21,16:01:21,Present,99.0,-48.4,0.0,NO
2026-08-06 16:01:24,16:01:24,Present,99.0,-50.8,0.0,NO
2026-08-06 16:01:26,16:01:26,Present,99.0,-47.0,0.0,NO
2026-08-06 16:01:28,16:01:28,Present,99.0,-48.2,0.0,NO
2026-08-06 16:01:30,16:01:30,Present,99.0,-49.4,0.0,NO
2026-08-06 16:01:32,16:01:32,Present,99.0,-49.4,0.0,NO
2026-08-06 16:01:35,16:01:35,Present,99.0,-48.0,0.0,NO
2026-08-06 16:01:37,16:01:37,Present,99.0,-47.5,0.0,NO
2026-08-06 16:01:39,16:01:39,Present,99.0,-52.5,0.0,NO
2026-08-06 16:01:41,16:01:41,Present,99.0,-48.2,0.0,NO
2026-08-06 16:01:43,16:01:43,Present,99.0,-50.0,0.0,NO
2026-08-06 16:01:47,16:01:47,Present,99.0,-51.5,0.0,NO
2026-08-06 16:01:49,16:01:49,Present,99.0,-50.5,0.0,NO
2026-08-06 16:01:51,16:01:51,Present,90.4,-50.5,0.0,NO
2026-08-06 16:01:53,16:01:53,Present,88.0,-51.1,0.0,NO
2026-08-06 16:01:55,16:01:55,Present,88.0,-50.9,0.0,NO
2026-08-06 16:01:57,16:01:57,Present,88.0,-50.4,0.0,NO
2026-08-06 16:02:00,16:02:00,Present,88.0,-52.5,0.0,NO
2026-08-06 16:02:02,16:02:02,Present,88.0,-51.0,0.0,NO
2026-08-06 16:02:04,16:02:04,Present,88.0,-49.0,0.0,NO
2026-08-06 16:02:06,16:02:06,Present,88.0,-51.9,0.0,NO
2026-08-06 16:02:08,16:02:08,Present,88.0,-51.8,0.0,NO
2026-08-06 16:02:11,16:02:11,Present,88.0,-51.1,0.0,NO
2026-08-06 16:02:13,16:02:13,Present,88.0,-51.8,0.0,NO
2026-08-06 16:02:16,16:02:16,Present,88.0,-51.7,0.0,NO
2026-08-06 16:02:18,16:02:18,Present,90.6,-52.0,0.0,NO
2026-08-06 16:02:20,16:02:20,Present,97.5,-51.6,0.0,NO
2026-08-06 16:02:23,16:02:23,Present,88.0,-50.8,0.0,NO
2026-08-06 16:02:26,16:02:26,Present,88.0,-54.0,0.0,NO
2026-08-06 16:02:28,16:02:28,Present,88.0,-54.1,0.0,NO
2026-08-06 16:02:32,16:02:32,Present,88.0,-54.4,0.0,NO
2026-08-06 16:02:36,16:02:36,Present,88.0,-51.2,0.0,NO
2026-08-06 16:02:38,16:02:38,Present,88.0,-50.0,0.0,NO
2026-08-06 16:02:40,16:02:40,Present,88.0,-48.7,0.0,NO
2026-08-06 16:02:42,16:02:42,Present,92.8,-48.8,0.0,NO
2026-08-06 16:02:45,16:02:45,Present,97.2,-48.1,0.0,NO
2026-08-06 16:02:47,16:02:47,Present,99.0,-52.9,0.0,NO
2026-08-06 16:02:49,16:02:49,Present,99.0,-51.5,0.0,NO
2026-08-06 16:02:51,16:02:51,Present,99.0,-49.2,0.0,NO
2026-08-06 16:02:53,16:02:53,Present,99.0,-49.9,0.0,NO
2026-08-06 16:02:55,16:02:55,Present,99.0,-51.4,0.0,NO
2026-08-06 16:02:58,16:02:58,Present,99.0,-49.3,0.0,NO
2026-08-06 16:03:00,16:03:00,Present,99.0,-48.3,0.0,NO
2026-08-06 16:03:02,16:03:02,Present,99.0,-50.7,0.0,NO
2026-08-06 16:03:06,16:03:06,Present,99.0,-50.3,0.0,NO
2026-08-06 16:03:08,16:03:08,Present,99.0,-49.4,0.0,NO
2026-08-06 16:03:10,16:03:10,Present,99.0,-48.4,0.0,NO
2026-08-06 16:03:12,16:03:12,Present,99.0,-50.5,0.0,NO
2026-08-06 16:03:15,16:03:15,Present,99.0,-51.0,0.0,NO
2026-08-06 16:03:17,16:03:17,Present,99.0,-50.1,0.0,NO
2026-08-06 16:03:19,16:03:19,Present,88.0,-51.2,0.0,NO
2026-08-06 16:03:21,16:03:21,Present,88.0,-49.0,0.0,NO
2026-08-06 16:03:25,16:03:25,Present,99.0,-48.2,0.0,NO
2026-08-06 16:03:27,16:03:27,Present,99.0,-47.6,0.0,NO
2026-08-06 16:03:29,16:03:29,Present,99.0,-48.8,0.0,NO
2026-08-06 16:03:31,16:03:31,Present,88.0,-46.5,0.0,NO
2026-08-06 16:03:33,16:03:33,Present,88.0,-46.7,0.0,NO
2026-08-06 16:03:35,16:03:35,Present,88.0,-50.0,0.0,NO
2026-08-06 16:03:37,16:03:37,Present,99.0,-48.6,0.0,NO
2026-08-06 16:03:40,16:03:40,Present,99.0,-48.4,0.0,NO
2026-08-06 16:03:42,16:03:42,Present,99.0,-54.0,0.0,NO
2026-08-06 16:03:44,16:03:44,Present,99.0,-50.3,0.0,NO
2026-08-06 16:03:47,16:03:47,Present,98.7,-49.5,0.0,NO
2026-08-06 16:03:49,16:03:49,Present,88.0,-50.3,0.0,NO
2026-08-06 16:03:52,16:03:52,Present,88.0,-51.7,0.0,NO
2026-08-06 16:03:54,16:03:54,Present,88.0,-51.6,0.0,NO
2026-08-06 16:03:57,16:03:57,Present,93.0,-50.1,0.0,NO
2026-08-06 16:04:00,16:04:00,Present,99.0,-54.2,0.0,NO
2026-08-06 16:04:02,16:04:02,Present,99.0,-47.6,0.0,NO
2026-08-06 16:04:05,16:04:05,Present,98.6,-49.9,0.0,NO
2026-08-06 16:04:07,16:04:07,Present,88.0,-46.6,0.0,NO
2026-08-06 16:04:09,16:04:09,Present,88.0,-46.6,0.0,NO
2026-08-06 16:04:11,16:04:11,Present,99.0,-46.3,0.0,NO
2026-08-06 16:04:14,16:04:14,Present,99.0,-45.8,0.0,NO
2026-08-06 16:04:16,16:04:16,Present,99.0,-47.6,0.0,NO
2026-08-06 16:04:18,16:04:18,Present,99.0,-47.3,0.0,NO
2026-08-06 16:04:20,16:04:20,Present,99.0,-48.2,0.0,NO
2026-08-06 16:04:25,16:04:25,Present,99.0,-51.2,0.0,NO
2026-08-06 16:04:27,16:04:27,Present,88.0,-52.5,0.0,NO
2026-08-06 16:04:29,16:04:29,Present,88.0,-49.4,0.0,NO
2026-08-06 16:04:31,16:04:31,Present,88.0,-50.4,0.0,NO
2026-08-06 16:04:35,16:04:35,Present,88.0,-49.1,0.0,NO
2026-08-06 16:04:37,16:04:37,Present,88.0,-48.8,0.0,NO
2026-08-06 16:04:39,16:04:39,Present,88.0,-45.9,0.0,NO
2026-08-06 16:04:41,16:04:41,Present,88.0,-50.8,0.0,NO
2026-08-06 16:04:43,16:04:43,Present,88.0,-48.6,0.0,NO
2026-08-06 16:04:45,16:04:45,Present,88.0,-47.6,0.0,NO
2026-08-06 16:04:49,16:04:49,Present,88.0,-47.9,0.0,NO
2026-08-06 16:04:51,16:04:51,Present,88.0,-50.6,0.0,NO
2026-08-06 16:04:53,16:04:53,Present,88.0,-50.9,0.0,NO
2026-08-06 16:04:55,16:04:55,Present,88.0,-50.7,0.0,NO
2026-08-06 16:04:57,16:04:57,Present,99.0,-49.7,0.0,NO
2026-08-06 16:04:59,16:04:59,Present,99.0,-50.2,0.0,NO
2026-08-06 16:05:02,16:05:02,Present,99.0,-47.8,0.0,NO
2026-08-06 16:05:04,16:05:04,Present,88.0,-50.4,0.0,NO
2026-08-06 16:05:06,16:05:06,Present,88.0,-51.8,0.0,NO
2026-08-06 16:05:08,16:05:08,Present,88.0,-49.9,0.0,NO
2026-08-06 16:05:10,16:05:10,Present,88.0,-48.6,0.0,NO
2026-08-06 16:05:13,16:05:13,Present,88.0,-49.9,0.0,NO
2026-08-06 16:05:15,16:05:15,Present,88.0,-48.0,0.0,NO
2026-08-06 16:05:17,16:05:17,Present,88.0,-51.5,0.0,NO
2026-08-06 16:05:19,16:05:19,Present,88.0,-47.9,0.0,NO
2026-08-06 16:05:21,16:05:21,Present,88.0,-49.4,0.0,NO
2026-08-06 16:05:23,16:05:23,Present,88.0,-49.4,0.0,NO
2026-08-06 16:05:26,16:05:26,Present,91.9,-47.6,0.0,NO
2026-08-06 16:05:28,16:05:28,Present,88.0,-45.5,0.0,NO
2026-08-06 16:05:30,16:05:30,Present,88.0,-48.0,0.0,NO
2026-08-06 16:05:32,16:05:32,Present,88.0,-46.0,0.0,NO
2026-08-06 16:05:35,16:05:35,Present,88.0,-48.5,0.0,NO
2026-08-06 16:05:37,16:05:37,Present,88.0,-47.8,0.0,NO
2026-08-06 16:05:39,16:05:39,Present,88.0,-47.9,0.0,NO
2026-08-06 16:05:41,16:05:41,Present,99.0,-47.0,0.0,NO
2026-08-06 16:05:44,16:05:44,Present,93.8,-47.3,0.0,NO
2026-08-06 16:05:46,16:05:46,Present,88.0,-49.6,0.0,NO
2026-08-06 16:05:48,16:05:48,Present,88.0,-47.8,0.0,NO
2026-08-06 16:05:50,16:05:50,Present,88.0,-49.9,0.0,NO
2026-08-06 16:05:53,16:05:53,Present,88.0,-48.6,0.0,NO
2026-08-06 16:05:55,16:05:55,Present,88.0,-49.4,0.0,NO
2026-08-06 16:05:57,16:05:57,Present,88.0,-49.6,0.0,NO
2026-08-06 16:06:00,16:06:00,Present,88.0,-47.0,0.0,NO
2026-08-06 16:06:02,16:06:02,Present,88.0,-47.5,0.0,NO
2026-08-06 16:06:04,16:06:04,Present,88.0,-51.2,0.0,NO
2026-08-06 16:06:06,16:06:06,Present,88.0,-47.7,0.0,NO
2026-08-06 16:06:08,16:06:08,Present,88.0,-48.7,0.0,NO
2026-08-06 16:06:11,16:06:11,Present,88.0,-49.0,0.0,NO
2026-08-06 16:06:13,16:06:13,Present,88.0,-46.2,0.0,NO
2026-08-06 16:06:15,16:06:15,Present,88.0,-50.9,0.0,NO
2026-08-06 16:06:17,16:06:17,Present,88.0,-53.0,0.0,NO
2026-08-06 16:06:19,16:06:19,Present,99.0,-51.9,0.0,NO
2026-08-06 16:06:21,16:06:21,Present,99.0,-52.4,0.0,NO
2026-08-06 16:06:23,16:06:23,Present,99.0,-51.3,0.0,NO
2026-08-06 16:06:27,16:06:27,Present,99.0,-50.2,0.0,NO
2026-08-06 16:06:29,16:06:29,Present,91.9,-48.6,0.0,NO
2026-08-06 16:06:31,16:06:31,Present,88.0,-49.1,0.0,NO
2026-08-06 16:06:33,16:06:33,Present,88.0,-51.4,0.0,NO
2026-08-06 16:06:35,16:06:35,Present,88.0,-50.9,0.0,NO
2026-08-06 16:06:38,16:06:38,Present,88.0,-50.5,0.0,NO
2026-08-06 16:06:40,16:06:40,Present,88.0,-51.0,0.0,NO
2026-08-06 16:06:43,16:06:43,Present,88.0,-51.4,0.0,NO
2026-08-06 16:06:45,16:06:45,Present,88.0,-51.4,0.0,NO
2026-08-06 16:06:48,16:06:48,Present,88.0,-51.8,0.0,NO
2026-08-06 16:06:50,16:06:50,Present,88.0,-51.1,0.0,NO
2026-08-06 16:06:52,16:06:52,Present,88.0,-51.5,0.0,NO
2026-08-06 16:06:56,16:06:56,Present,88.0,-52.1,0.0,NO
2026-08-06 16:06:59,16:06:59,Present,88.0,-51.0,0.0,NO
2026-08-06 16:07:01,16:07:01,Present,88.0,-50.7,0.0,NO
2026-08-06 16:07:03,16:07:03,Present,88.0,-51.1,0.0,NO
2026-08-06 16:07:05,16:07:05,Present,88.0,-51.9,0.0,NO
2026-08-06 16:07:08,16:07:08,Present,88.0,-52.8,0.0,NO
2026-08-06 16:07:10,16:07:10,Present,88.0,-52.7,0.0,NO
2026-08-06 16:07:12,16:07:12,Present,88.0,-52.5,0.0,NO
2026-08-06 16:07:16,16:07:16,Present,99.0,-51.5,0.0,NO
2026-08-06 16:07:18,16:07:18,Present,97.2,-50.2,0.0,NO
2026-08-06 16:07:20,16:07:20,Present,95.2,-50.8,0.0,NO
2026-08-06 16:07:22,16:07:22,Present,88.0,-50.9,0.0,NO
2026-08-06 16:07:24,16:07:24,Present,88.0,-50.4,0.0,NO
2026-08-06 16:07:27,16:07:27,Present,88.7,-52.9,0.0,NO
2026-08-06 16:07:29,16:07:29,Present,88.0,-50.0,0.0,NO
2026-08-06 16:07:31,16:07:31,Present,88.0,-52.1,0.0,NO
2026-08-06 16:07:33,16:07:33,Present,88.0,-52.5,0.0,NO
2026-08-06 16:07:35,16:07:35,Present,88.0,-49.4,0.0,NO
2026-08-06 16:07:37,16:07:37,Present,88.0,-48.2,0.0,NO
2026-08-06 16:07:41,16:07:41,Present,88.0,-47.9,0.0,NO
2026-08-06 16:07:43,16:07:43,Present,88.0,-48.4,0.0,NO
2026-08-06 16:07:45,16:07:45,Present,88.0,-49.9,0.0,NO
2026-08-06 16:07:47,16:07:47,Present,88.0,-48.1,0.0,NO
2026-08-06 16:07:50,16:07:50,Present,88.0,-46.5,0.0,NO
2026-08-06 16:07:52,16:07:52,Present,88.0,-48.1,0.0,NO
2026-08-06 16:07:55,16:07:55,Present,88.0,-47.8,0.0,NO
2026-08-06 16:07:57,16:07:57,Present,88.0,-48.8,0.0,NO
2026-08-06 16:07:59,16:07:59,Present,88.0,-48.9,0.0,NO
2026-08-06 16:08:01,16:08:01,Present,88.0,-49.9,0.0,NO
2026-08-06 16:08:03,16:08:03,Present,88.0,-48.4,0.0,NO
2026-08-06 16:08:05,16:08:05,Present,88.0,-47.7,0.0,NO
2026-08-06 16:08:07,16:08:07,Present,88.0,-48.6,0.0,NO
2026-08-06 16:08:09,16:08:09,Present,88.0,-48.6,0.0,NO
2026-08-06 16:08:11,16:08:11,Present,88.0,-47.6,0.0,NO
2026-08-06 16:08:14,16:08:14,Present,88.0,-48.5,0.0,NO
2026-08-06 16:08:16,16:08:16,Present,88.0,-46.8,0.0,NO
2026-08-06 16:08:18,16:08:18,Present,88.0,-49.7,0.0,NO
2026-08-06 16:08:22,16:08:22,Present,88.7,-47.4,0.0,NO
2026-08-06 16:08:24,16:08:24,Present,88.0,-48.4,0.0,NO
2026-08-06 16:08:26,16:08:26,Present,88.0,-48.5,0.0,NO
2026-08-06 16:08:29,16:08:29,Present,88.0,-46.7,0.0,NO
2026-08-06 16:08:32,16:08:32,Present,88.0,-46.1,0.0,NO
2026-08-06 16:08:34,16:08:34,Present,88.0,-46.1,0.0,NO
2026-08-06 16:08:36,16:08:36,Present,88.0,-49.5,0.0,NO
2026-08-06 16:08:38,16:08:38,Present,88.0,-50.0,0.0,NO
2026-08-06 16:08:40,16:08:40,Present,88.0,-49.8,0.0,NO
2026-08-06 16:08:43,16:08:43,Present,88.0,-48.9,0.0,NO
2026-08-06 16:08:45,16:08:45,Present,88.0,-48.1,0.0,NO
2026-08-06 16:08:48,16:08:48,Present,88.0,-51.4,0.0,NO
2026-08-06 16:08:51,16:08:51,Present,88.0,-47.4,0.0,NO
2026-08-06 16:08:53,16:08:53,Present,88.0,-47.0,0.0,NO
2026-08-06 16:08:55,16:08:55,Present,93.5,-50.5,0.0,NO
2026-08-06 16:08:57,16:08:57,Present,97.9,-47.3,0.0,NO
2026-08-06 16:08:59,16:08:59,Present,88.0,-48.2,0.0,NO
2026-08-06 16:09:01,16:09:01,Present,88.0,-46.5,0.0,NO
2026-08-06 16:09:03,16:09:03,Present,93.3,-46.0,0.0,NO
2026-08-06 16:09:06,16:09:06,Present,98.3,-45.3,0.0,NO
2026-08-06 16:09:08,16:09:08,Present,97.9,-47.5,0.0,NO
2026-08-06 16:09:10,16:09:10,Present,97.6,-48.9,0.0,NO
2026-08-06 16:09:12,16:09:12,Present,98.9,-49.3,0.0,NO
2026-08-06 16:09:14,16:09:14,Present,88.0,-48.9,0.0,NO
2026-08-06 16:09:16,16:09:16,Present,88.0,-49.9,0.0,NO
2026-08-06 16:09:18,16:09:18,Present,99.0,-50.6,0.0,NO
2026-08-06 16:09:20,16:09:20,Present,99.0,-48.7,0.0,NO
2026-08-06 16:09:22,16:09:22,Present,99.0,-47.2,0.0,NO
2026-08-06 16:09:24,16:09:24,Present,99.0,-48.3,0.0,NO
2026-08-06 16:09:26,16:09:26,Present,99.0,-47.6,0.0,NO
2026-08-06 16:09:29,16:09:29,Present,99.0,-48.5,0.0,NO
2026-08-06 16:09:31,16:09:31,Present,99.0,-49.5,0.0,NO
2026-08-06 16:09:34,16:09:34,Present,88.0,-48.3,0.0,NO
2026-08-06 16:09:38,16:09:38,Present,88.0,-47.7,0.0,NO
2026-08-06 16:09:41,16:09:41,Present,88.0,-47.7,0.0,NO
2026-08-06 16:09:43,16:09:43,Present,88.0,-48.6,0.0,NO
2026-08-06 16:09:47,16:09:47,Present,88.0,-49.6,0.0,NO
2026-08-06 16:09:49,16:09:49,Present,89.5,-48.7,0.0,NO
2026-08-06 16:09:51,16:09:51,Present,97.3,-48.1,0.0,NO
2026-08-06 16:09:54,16:09:54,Present,99.0,-49.3,0.0,NO
2026-08-06 16:09:57,16:09:57,Present,97.5,-47.5,0.0,NO
2026-08-06 16:09:59,16:09:59,Present,88.0,-48.1,0.0,NO
2026-08-06 16:10:03,16:10:03,Present,88.0,-47.2,0.0,NO
2026-08-06 16:10:05,16:10:05,Present,88.0,-48.4,0.0,NO
2026-08-06 16:10:07,16:10:07,Present,88.0,-48.5,0.0,NO
2026-08-06 16:10:09,16:10:09,Present,97.5,-47.5,0.0,NO
2026-08-06 16:10:11,16:10:11,Present,99.0,-48.1,0.0,NO
2026-08-06 16:10:14,16:10:14,Present,99.0,-48.2,0.0,NO
2026-08-06 16:10:16,16:10:16,Present,95.5,-47.3,0.0,NO
2026-08-06 16:10:18,16:10:18,Present,95.7,-51.3,0.0,NO
2026-08-06 16:10:20,16:10:20,Present,99.0,-51.4,0.0,NO
2026-08-06 16:10:22,16:10:22,Present,97.4,-50.8,0.0,NO
2026-08-06 16:10:27,16:10:27,Present,97.8,-46.8,0.0,NO
2026-08-06 16:10:30,16:10:30,Present,98.3,-47.0,0.0,NO
2026-08-06 16:10:33,16:10:33,Present,98.5,-47.7,0.0,NO
2026-08-06 16:10:35,16:10:35,Present,92.4,-47.8,0.0,NO
2026-08-06 16:10:38,16:10:38,Present,92.0,-46.1,0.0,NO
2026-08-06 16:10:40,16:10:40,Present,90.5,-47.6,0.0,NO
2026-08-06 16:10:42,16:10:42,Present,91.9,-47.2,0.0,NO
2026-08-06 16:10:44,16:10:44,Present,99.0,-47.7,0.0,NO
2026-08-06 16:10:47,16:10:47,Present,88.0,-46.1,0.0,NO
2026-08-06 16:10:49,16:10:49,Present,88.0,-45.9,0.0,NO
2026-08-06 16:10:51,16:10:51,Present,88.0,-45.4,0.0,NO
2026-08-06 16:10:53,16:10:53,Present,88.0,-46.9,0.0,NO
2026-08-06 16:10:57,16:10:57,Present,88.0,-46.0,0.0,NO
2026-08-06 16:11:00,16:11:00,Present,88.0,-46.4,0.0,NO
2026-08-06 16:11:02,16:11:02,Present,88.0,-45.7,0.0,NO
2026-08-06 16:11:06,16:11:06,Present,88.0,-47.3,0.0,NO
2026-08-06 16:11:09,16:11:09,Present,92.5,-46.7,0.0,NO
2026-08-06 16:11:12,16:11:12,Present,98.5,-47.3,0.0,NO
2026-08-06 16:11:15,16:11:15,Present,89.5,-47.8,0.0,NO
2026-08-06 16:11:19,16:11:19,Present,88.0,-47.0,0.0,NO
2026-08-06 16:11:21,16:11:21,Present,88.0,-47.1,0.0,NO
2026-08-06 16:11:23,16:11:23,Present,88.0,-47.9,0.0,NO
2026-08-06 16:11:26,16:11:26,Present,88.0,-47.3,0.0,NO
2026-08-06 16:11:29,16:11:29,Present,88.3,-47.8,0.0,NO
2026-08-06 16:11:31,16:11:31,Present,88.0,-48.8,0.0,NO
2026-08-06 16:11:34,16:11:34,Present,88.0,-47.7,0.0,NO
2026-08-06 16:11:36,16:11:36,Present,88.0,-46.7,0.0,NO
2026-08-06 16:11:38,16:11:38,Present,88.0,-48.4,0.0,NO
2026-08-06 16:11:40,16:11:40,Present,88.0,-46.9,0.0,NO
2026-08-06 16:11:44,16:11:44,Present,88.0,-47.0,0.0,NO
2026-08-06 16:11:46,16:11:46,Present,88.0,-46.5,0.0,NO
2026-08-06 16:11:49,16:11:49,Present,88.0,-47.2,0.0,NO
2026-08-06 16:11:53,16:11:53,Present,88.0,-47.4,0.0,NO
2026-08-06 16:11:55,16:11:55,Present,92.3,-46.6,0.0,NO
2026-08-06 16:11:58,16:11:58,Present,90.9,-47.0,0.0,NO
2026-08-06 16:12:00,16:12:00,Present,88.0,-47.7,0.0,NO
2026-08-06 16:12:02,16:12:02,Present,88.0,-47.7,0.0,NO
2026-08-06 16:12:06,16:12:06,Present,88.0,-48.2,0.0,NO
2026-08-06 16:12:09,16:12:09,Present,88.0,-46.5,0.0,NO
2026-08-06 16:12:12,16:12:12,Present,88.0,-47.0,0.0,NO
2026-08-06 16:12:15,16:12:15,Present,88.0,-47.0,0.0,NO
2026-08-06 16:12:19,16:12:19,Present,88.0,-47.8,0.0,NO
2026-08-06 16:12:22,16:12:22,Present,88.0,-47.3,0.0,NO
2026-08-06 16:12:24,16:12:24,Present,88.0,-48.4,0.0,NO
2026-08-06 16:12:27,16:12:27,Present,88.0,-48.3,0.0,NO
2026-08-06 16:12:29,16:12:29,Present,88.0,-46.8,0.0,NO
2026-08-06 16:12:31,16:12:31,Present,88.0,-47.0,0.0,NO
2026-08-06 16:12:33,16:12:33,Present,88.0,-47.3,0.0,NO
2026-08-06 16:12:35,16:12:35,Present,88.0,-47.8,0.0,NO
2026-08-06 16:12:39,16:12:39,Present,88.0,-47.5,0.0,NO
2026-08-06 16:12:41,16:12:41,Present,88.0,-47.3,0.0,NO
2026-08-06 16:12:44,16:12:44,Present,88.0,-48.6,0.0,NO
2026-08-06 16:12:47,16:12:47,Present,98.7,-48.1,0.0,NO
2026-08-06 16:12:49,16:12:49,Present,88.0,-49.1,0.0,NO
2026-08-06 16:12:53,16:12:53,Present,88.0,-47.8,0.0,NO
2026-08-06 16:12:55,16:12:55,Present,88.0,-48.5,0.0,NO
2026-08-06 16:12:57,16:12:57,Present,88.0,-48.8,0.0,NO
2026-08-06 16:12:59,16:12:59,Present,88.0,-49.0,0.0,NO
2026-08-06 16:13:02,16:13:02,Present,88.0,-48.5,0.0,NO
2026-08-06 16:13:06,16:13:06,Present,88.0,-48.3,0.0,NO
2026-08-06 16:13:08,16:13:08,Present,88.0,-49.3,0.0,NO
2026-08-06 16:13:10,16:13:10,Present,88.0,-46.5,0.0,NO
2026-08-06 16:13:12,16:13:12,Present,88.0,-47.5,0.0,NO
2026-08-06 16:13:14,16:13:14,Present,88.0,-47.5,0.0,NO
2026-08-06 16:13:16,16:13:16,Present,88.0,-48.5,0.0,NO
2026-08-06 16:13:19,16:13:19,Present,94.9,-47.4,0.0,NO
2026-08-06 16:13:22,16:13:22,Present,96.1,-49.0,0.0,NO
2026-08-06 16:13:24,16:13:24,Present,88.0,-48.5,0.0,NO
2026-08-06 16:13:26,16:13:26,Present,88.0,-49.0,0.0,NO
2026-08-06 16:13:29,16:13:29,Present,88.0,-46.9,0.0,NO
2026-08-06 16:13:31,16:13:31,Present,88.0,-46.9,0.0,NO
2026-08-06 16:13:35,16:13:35,Present,88.7,-49.0,0.0,NO
2026-08-06 16:13:39,16:13:39,Present,89.1,-48.1,0.0,NO
2026-08-06 16:13:41,16:13:41,Present,88.0,-47.8,0.0,NO
2026-08-06 16:13:43,16:13:43,Present,88.0,-47.6,0.0,NO
2026-08-06 16:13:45,16:13:45,Present,88.0,-46.5,0.0,NO
2026-08-06 16:13:47,16:13:47,Present,88.0,-47.7,0.0,NO
2026-08-06 16:13:50,16:13:50,Present,88.0,-47.9,0.0,NO
2026-08-06 16:13:52,16:13:52,Present,99.0,-47.5,0.0,NO
2026-08-06 16:13:54,16:13:54,Present,99.0,-47.3,0.0,NO
2026-08-06 16:13:57,16:13:57,Present,88.0,-47.6,0.0,NO
2026-08-06 16:13:59,16:13:59,Present,88.0,-47.2,0.0,NO
2026-08-06 16:14:01,16:14:01,Present,94.4,-47.7,0.0,NO
2026-08-06 16:14:03,16:14:03,Present,93.5,-47.7,0.0,NO
2026-08-06 16:14:05,16:14:05,Present,96.1,-47.9,0.0,NO
2026-08-06 16:14:07,16:14:07,Present,98.9,-46.4,0.0,NO
2026-08-06 16:14:10,16:14:10,Present,99.0,-46.6,0.0,NO
2026-08-06 16:14:12,16:14:12,Present,88.6,-48.1,0.0,NO
2026-08-06 16:14:14,16:14:14,Present,88.0,-47.8,0.0,NO
2026-08-06 16:14:16,16:14:16,Present,88.0,-47.5,0.0,NO
2026-08-06 16:14:18,16:14:18,Present,88.0,-46.6,0.0,NO
2026-08-06 16:14:21,16:14:21,Present,88.0,-47.9,0.0,NO
2026-08-06 16:14:23,16:14:23,Present,88.0,-47.6,0.0,NO
2026-08-06 16:14:25,16:14:25,Present,88.0,-47.0,0.0,NO
2026-08-06 16:14:27,16:14:27,Present,88.0,-47.6,0.0,NO
2026-08-06 16:14:29,16:14:29,Present,90.1,-48.0,0.0,NO
